product_key,product_id,product_name,category
1,FUR-BO-10001798,Bush Somerset Collection Bookcase,Furniture
2,OFF-LA-10000240,Self-Adhesive Address Labels for Typewriters by Universal,Office Supplies
3,FUR-TA-10000577,Bretford CR4500 Series Slim Rectangular Table,Furniture
4,OFF-ST-10000760,Eldon Fold 'N Roll Cart System,Office Supplies
5,FUR-FU-10001487,"Eldon Expressions Wood and Plastic Desk Accessories, Cherry Wood",Furniture
6,OFF-AR-10002833,Newell 322,Office Supplies
7,TEC-PH-10002275,Mitel 5320 IP Phone VoIP phone,Technology
8,OFF-BI-10003910,DXL Angle-View Binders with Locking Rings by Samsill,Office Supplies
9,OFF-AP-10002892,Belkin F5C206VTEL 6 Outlet Surge,Office Supplies
10,FUR-TA-10001539,Chromcraft Rectangular Conference Tables,Furniture
11,TEC-PH-10002033,Konftel 250 Conference phone - Charcoal black,Technology
12,OFF-PA-10002365,Xerox 1967,Office Supplies
13,OFF-BI-10003656,Fellowes PB200 Plastic Comb Binding Machine,Office Supplies
14,OFF-AP-10002311,"Holmes Replacement Filter for HEPA Air Cleaner, Very Large Room, HEPA Filter",Office Supplies
15,OFF-BI-10000756,Storex DuraTech Recycled Plastic Frosted Binders,Office Supplies
16,OFF-ST-10004186,"Stur-D-Stor Shelving, Vertical 5-Shelf: 72""H x 36""W x 18 1/2""D",Office Supplies
17,OFF-ST-10000107,Fellowes Super Stor/Drawer,Office Supplies
18,OFF-AR-10003056,Newell 341,Office Supplies
19,TEC-PH-10001949,Cisco SPA 501G IP Phone,Technology
20,OFF-BI-10002215,"Wilson Jones Hanging View Binder, White, 1""",Office Supplies
21,OFF-AR-10000246,Newell 318,Office Supplies
22,OFF-AP-10001492,"Acco Six-Outlet Power Strip, 4' Cord Length",Office Supplies
23,FUR-CH-10002774,"Global Deluxe Stacking Chair, Gray",Furniture
24,OFF-BI-10001634,Wilson Jones Active Use Binders,Office Supplies
25,TEC-AC-10003027,Imation 8GB Mini TravelDrive USB 2.0 Flash Drive,Technology
26,FUR-BO-10004834,"Riverside Palais Royal Lawyers Bookcase, Royale Cherry Finish",Furniture
27,OFF-BI-10000474,Avery Recycled Flexi-View Covers for Binding Systems,Office Supplies
28,FUR-FU-10004848,"Howard Miller 13-3/4"" Diameter Brushed Chrome Round Wall Clock",Furniture
29,OFF-EN-10001509,Poly String Tie Envelopes,Office Supplies
30,OFF-AR-10004042,"BOSTON Model 1800 Electric Pencil Sharpeners, Putty/Woodgrain",Office Supplies
31,OFF-BI-10001525,"Acco Pressboard Covers with Storage Hooks, 14 7/8"" x 11"", Executive Red",Office Supplies
32,OFF-AR-10001683,Lumber Crayons,Office Supplies
33,OFF-PA-10000249,Easy-staple paper,Office Supplies
34,TEC-PH-10004977,GE 30524EE4,Technology
35,FUR-FU-10003664,"Electrix Architect's Clamp-On Swing Arm Lamp, Black",Furniture
36,OFF-EN-10002986,"#10-4 1/8"" x 9 1/2"" Premium Diagonal Seam Envelopes",Office Supplies
37,FUR-BO-10002545,"Atlantic Metals Mobile 3-Shelf Bookcases, Custom Colors",Furniture
38,FUR-CH-10004218,"Global Fabric Manager's Chair, Dark Gray",Furniture
39,TEC-PH-10000486,Plantronics HL10 Handset Lifter,Technology
40,TEC-PH-10004093,Panasonic Kx-TS550,Technology
41,OFF-ST-10003479,"Eldon Base for stackable storage shelf, platinum",Office Supplies
42,OFF-ST-10003282,"Advantus 10-Drawer Portable Organizer, Chrome Metal Frame, Smoke Drawers",Office Supplies
43,TEC-AC-10000171,"Verbatim 25 GB 6x Blu-ray Single Layer Recordable Disc, 25/Pack",Technology
44,OFF-BI-10003291,Wilson Jones Leather-Like Binders with DublLock Round Rings,Office Supplies
45,OFF-ST-10001713,"Gould Plastics 9-Pocket Panel Bin, 18-3/8w x 5-1/4d x 20-1/2h, Black",Office Supplies
46,TEC-AC-10002167,Imation 8gb Micro Traveldrive Usb 2.0 Flash Drive,Technology
47,TEC-PH-10003988,"LF Elite 3D Dazzle Designer Hard Case Cover, Lf Stylus Pen and Wiper For Apple Iphone 5c Mini Lite",Technology
48,OFF-BI-10004410,"C-Line Peel & Stick Add-On Filing Pockets, 8-3/4 x 5-1/8, 10/Pack",Office Supplies
49,OFF-LA-10002762,Avery 485,Office Supplies
50,FUR-FU-10001706,Longer-Life Soft White Bulbs,Furniture
51,FUR-CH-10003061,"Global Leather Task Chair, Black",Furniture
52,OFF-FA-10000304,Advantus Push Pins,Office Supplies
53,TEC-PH-10002447,AT&T CL83451 4-Handset Telephone,Technology
54,OFF-ST-10000604,Home/Office Personal File Carts,Office Supplies
55,OFF-PA-10001569,Xerox 232,Office Supplies
56,FUR-CH-10003968,Novimex Turbo Task Chair,Furniture
57,OFF-PA-10000587,"Array Parchment Paper, Assorted Colors",Office Supplies
58,OFF-BI-10001460,Plastic Binding Combs,Office Supplies
59,OFF-AR-10001868,Prang Dustless Chalk Sticks,Office Supplies
60,TEC-AC-10004633,"Verbatim 25 GB 6x Blu-ray Single Layer Recordable Disc, 3/Pack",Technology
61,OFF-BI-10001078,"Acco PRESSTEX Data Binder with Storage Hooks, Dark Blue, 14 7/8"" X 11""",Office Supplies
62,OFF-PA-10003892,Xerox 1943,Office Supplies
63,FUR-FU-10000397,Luxo Economy Swing Arm Lamp,Furniture
64,FUR-CH-10001146,"Global Value Mid-Back Manager's Chair, Gray",Furniture
65,OFF-AR-10002671,"Hunt BOSTON Model 1606 High-Volume Electric Pencil Sharpener, Beige",Office Supplies
66,TEC-PH-10002726,netTALK DUO VoIP Telephone Service,Technology
67,OFF-PA-10000482,"Snap-A-Way Black Print Carbonless Ruled Speed Letter, Triplicate",Office Supplies
68,OFF-BI-10004654,Avery Binding System Hidden Tab Executive Style Index Sets,Office Supplies
69,OFF-PA-10004675,"Telephone Message Books with Fax/Mobile Section, 5 1/2"" x 3 3/16""",Office Supplies
70,FUR-CH-10000513,High-Back Leather Manager's Chair,Furniture
71,FUR-FU-10003708,"Tenex Traditional Chairmats for Medium Pile Carpet, Standard Lip, 36"" x 48""",Furniture
72,OFF-ST-10004123,Safco Industrial Wire Shelving System,Office Supplies
73,OFF-BI-10004182,Economy Binders,Office Supplies
74,FUR-FU-10000260,"6"" Cubicle Wall Clock, Black",Furniture
75,OFF-ST-10000615,"SimpliFile Personal File, Black Granite, 15w x 6-15/16d x 11-1/4h",Office Supplies
76,FUR-FU-10003194,"Eldon Expressions Desk Accessory, Wood Pencil Holder, Oak",Furniture
77,OFF-AP-10002118,"1.7 Cubic Foot Compact ""Cube"" Office Refrigerators",Office Supplies
78,OFF-BI-10002309,Avery Heavy-Duty EZD  Binder With Locking Rings,Office Supplies
79,OFF-AR-10002053,"Premium Writing Pencils, Soft, #2 by Central Association for the Blind",Office Supplies
80,OFF-ST-10002370,"Sortfiler Multipurpose Personal File Organizer, Black",Office Supplies
81,OFF-EN-10000927,Jet-Pak Recycled Peel 'N' Seal Padded Mailers,Office Supplies
82,OFF-ST-10003656,Safco Industrial Wire Shelving,Office Supplies
83,FUR-CH-10000863,Novimex Swivel Fabric Task Chair,Furniture
84,TEC-AC-10001998,Logitech LS21 Speaker System - PC Multimedia - 2.1-CH - Wired,Technology
85,OFF-LA-10000134,Avery 511,Office Supplies
86,OFF-ST-10003442,Eldon Portable Mobile Manager,Office Supplies
87,OFF-AR-10004930,Turquoise Lead Holder with Pocket Clip,Office Supplies
88,OFF-PA-10000304,Xerox 1995,Office Supplies
89,OFF-PA-10003177,Xerox 1999,Office Supplies
90,FUR-FU-10003799,"Seth Thomas 13 1/2"" Wall Clock",Furniture
91,OFF-BI-10002852,Ibico Standard Transparent Covers,Office Supplies
92,OFF-BI-10004738,Flexible Leather- Look Classic Collection Ring Binder,Office Supplies
93,FUR-FU-10000629,9-3/4 Diameter Round Wall Clock,Furniture
94,OFF-BI-10001721,Trimflex Flexible Post Binders,Office Supplies
95,OFF-AP-10000358,Fellowes Basic Home/Office Series Surge Protectors,Office Supplies
96,OFF-PA-10003256,Avery Personal Creations Heavyweight Cards,Office Supplies
97,TEC-AC-10001767,SanDisk Ultra 64 GB MicroSDHC Class 10 Memory Card,Technology
98,OFF-BI-10002609,Avery Hidden Tab Dividers for Binding Systems,Office Supplies
99,OFF-PA-10004040,Universal Premium White Copier/Laser Paper (20Lb. and 87 Bright),Office Supplies
100,TEC-AC-10001552,Logitech K350 2.4Ghz Wireless Keyboard,Technology
101,FUR-FU-10004006,"Deflect-o DuraMat Lighweight, Studded, Beveled Mat for Low Pile Carpeting",Furniture
102,OFF-BI-10002794,"Avery Trapezoid Ring Binder, 3"" Capacity, Black, 1040 sheets",Office Supplies
103,TEC-AC-10003499,Memorex Mini Travel Drive 8 GB USB 2.0 Flash Drive,Technology
104,TEC-PH-10002844,Speck Products Candyshell Flip Case,Technology
105,OFF-AR-10000390,Newell Chalk Holder,Office Supplies
106,TEC-AC-10000844,Logitech Gaming G510s - Keyboard,Technology
107,FUR-FU-10001934,Magnifier Swing Arm Lamp,Furniture
108,OFF-AR-10000380,"Hunt PowerHouse Electric Pencil Sharpener, Blue",Office Supplies
109,OFF-BI-10003981,"Avery Durable Plastic 1"" Binders",Office Supplies
110,OFF-FA-10000621,"OIC Colored Binder Clips, Assorted Sizes",Office Supplies
111,OFF-EN-10002600,"Redi-Strip #10 Envelopes, 4 1/8 x 9 1/2",Office Supplies
112,OFF-PA-10004965,Xerox 1921,Office Supplies
113,OFF-EN-10002504,"Tyvek  Top-Opening Peel & Seel Envelopes, Plain White",Office Supplies
114,FUR-TA-10001768,Hon Racetrack Conference Tables,Furniture
115,OFF-BI-10003650,GBC DocuBind 300 Electric Binding Machine,Office Supplies
116,FUR-FU-10002157,Artistic Insta-Plaque,Furniture
117,OFF-ST-10000777,"Companion Letter/Legal File, Black",Office Supplies
118,OFF-EN-10002500,Globe Weis Peel & Seel First Class Envelopes,Office Supplies
119,TEC-PH-10003875,KLD Oscar II Style Snap-on Ultra Thin Side Flip Synthetic Leather Cover Case for HTC One HTC M7,Technology
120,FUR-CH-10004063,Global Deluxe High-Back Manager's Chair,Furniture
121,FUR-TA-10004534,Bevis 44 x 96 Conference Tables,Furniture
122,OFF-BI-10003274,"Avery Durable Slant Ring Binders, No Labels",Office Supplies
123,OFF-ST-10002974,"Trav-L-File Heavy-Duty Shuttle II, Black",Office Supplies
124,FUR-CH-10001146,"Global Task Chair, Black",Furniture
125,FUR-FU-10003773,Eldon Cleatmat Plus Chair Mats for High Pile Carpets,Furniture
126,TEC-PH-10002293,Anker 36W 4-Port USB Wall Charger Travel Power Adapter for iPhone 5s 5c 5,Technology
127,OFF-PA-10002377,Xerox 1916,Office Supplies
128,OFF-FA-10002780,Staples,Office Supplies
129,OFF-PA-10001804,Xerox 195,Office Supplies
130,OFF-PA-10001736,Xerox 1880,Office Supplies
131,OFF-AR-10001149,"Sanford Colorific Colored Pencils, 12/Box",Office Supplies
132,OFF-FA-10002988,Ideal Clamps,Office Supplies
133,OFF-BI-10004781,GBC Wire Binding Strips,Office Supplies
134,OFF-SU-10001218,Fiskars Softgrip Scissors,Office Supplies
135,OFF-AR-10000940,Newell 343,Office Supplies
136,OFF-EN-10004030,Convenience Packs of Business Envelopes,Office Supplies
137,OFF-PA-10004327,Xerox 1911,Office Supplies
138,OFF-AP-10001058,Sanyo 2.5 Cubic Foot Mid-Size Office Refrigerators,Office Supplies
139,FUR-FU-10000521,"Seth Thomas 14"" Putty-Colored Wall Clock",Furniture
140,TEC-PH-10000215,Plantronics Cordless Phone Headset with In-line Volume - M214C,Technology
141,TEC-PH-10001448,Anker Astro 15000mAh USB Portable Charger,Technology
142,FUR-CH-10000454,"Hon Deluxe Fabric Upholstered Stacking Chairs, Rounded Back",Furniture
143,OFF-BI-10002735,GBC Prestige Therm-A-Bind Covers,Office Supplies
144,OFF-AP-10000326,Belkin 7 Outlet SurgeMaster Surge Protector with Phone Protection,Office Supplies
145,TEC-PH-10001254,Jabra BIZ 2300 Duo QD Duo Corded Headset,Technology
146,OFF-PA-10001950,Southworth 25% Cotton Antique Laid Paper & Envelopes,Office Supplies
147,OFF-PA-10002254,Xerox 1883,Office Supplies
148,OFF-ST-10001590,"Tenex Personal Project File with Scoop Front Design, Black",Office Supplies
149,OFF-AR-10001547,Newell 311,Office Supplies
150,OFF-LA-10002475,Avery 519,Office Supplies
151,TEC-PH-10004536,Avaya 5420 Digital phone,Technology
152,OFF-PA-10002751,Xerox 1920,Office Supplies
153,TEC-AC-10003657,Lenovo 17-Key USB Numeric Keypad,Technology
154,OFF-EN-10001990,Staple envelope,Office Supplies
155,OFF-BI-10004002,Wilson Jones International Size A4 Ring Binders,Office Supplies
156,OFF-AR-10004441,BIC Brite Liner Highlighters,Office Supplies
157,TEC-MA-10000822,Lexmark MX611dhe Monochrome Laser Printer,Technology
158,OFF-ST-10000991,Space Solutions HD Industrial Steel Shelving.,Office Supplies
159,FUR-CH-10004287,SAFCO Arco Folding Chair,Furniture
160,OFF-AR-10002656,Sanford Liquid Accent Highlighters,Office Supplies
161,OFF-AP-10002518,Kensington 7 Outlet MasterPiece Power Center,Office Supplies
162,TEC-PH-10003931,JBL Micro Wireless Portable Bluetooth Speaker,Technology
163,OFF-PA-10000659,"Adams Phone Message Book, Professional, 400 Message Capacity, 5 3/6  x 11",Office Supplies
164,OFF-PA-10001144,Xerox 1913,Office Supplies
165,FUR-CH-10003817,"Global Value Steno Chair, Gray",Furniture
166,OFF-AP-10000891,Kensington 7 Outlet MasterPiece HOMEOFFICE Power Control Center,Office Supplies
167,OFF-LA-10003148,Avery 51,Office Supplies
168,OFF-AP-10002684,"Acco 7-Outlet Masterpiece Power Center, Wihtout Fax/Phone Line Protection",Office Supplies
169,FUR-CH-10004698,"Padded Folding Chairs, Black, 4/Carton",Furniture
170,OFF-SU-10002189,Acme Rosewood Handle Letter Opener,Office Supplies
171,OFF-AR-10001940,"Sanford Colorific Eraseable Coloring Pencils, 12 Count",Office Supplies
172,OFF-ST-10003455,"Tenex File Box, Personal Filing Tote with Lid, Black",Office Supplies
173,TEC-AC-10004659,Imation Secure+ Hardware Encrypted USB 2.0 Flash Drive; 16GB,Technology
174,TEC-PH-10003273,AT&T TR1909W,Technology
175,TEC-PH-10004896,Nokia Lumia 521 (T-Mobile),Technology
176,TEC-AC-10002345,HP Standard 104 key PS/2 Keyboard,Technology
177,OFF-BI-10001890,Avery Poly Binder Pockets,Office Supplies
178,TEC-AC-10002323,SanDisk Ultra 32 GB MicroSDHC Class 10 Memory Card,Technology
179,OFF-ST-10001328,"Personal Filing Tote with Lid, Black/Gray",Office Supplies
180,FUR-BO-10002613,"Atlantic Metals Mobile 4-Shelf Bookcases, Custom Colors",Furniture
181,TEC-PH-10001552,I Need's 3d Hello Kitty Hybrid Silicone Case Cover for HTC One X 4g with 3d Hello Kitty Stylus Pen Green/pink,Technology
182,OFF-PA-10000061,Xerox 205,Office Supplies
183,OFF-AR-10003514,4009 Highlighters by Sanford,Office Supplies
184,OFF-AR-10004685,"Binney & Smith Crayola Metallic Colored Pencils, 8-Color Set",Office Supplies
185,OFF-AR-10004027,"Binney & Smith inkTank Erasable Desk Highlighter, Chisel Tip, Yellow, 12/Box",Office Supplies
186,OFF-ST-10001414,Decoflex Hanging Personal Folder File,Office Supplies
187,OFF-BI-10000343,"Pressboard Covers with Storage Hooks, 9 1/2"" x 11"", Light Blue",Office Supplies
188,OFF-PA-10002749,"Wirebound Message Books, 5-1/2 x 4 Forms, 2 or 4 Forms per Page",Office Supplies
189,OFF-PA-10002666,Southworth 25% Cotton Linen-Finish Paper & Envelopes,Office Supplies
190,FUR-TA-10004289,BoxOffice By Design Rectangular and Half-Moon Meeting Room Tables,Furniture
191,OFF-AP-10003622,"Bravo II Megaboss 12-Amp Hard Body Upright, Replacement Belts, 2 Belts per Pack",Office Supplies
192,OFF-AP-10003217,Eureka Sanitaire  Commercial Upright,Office Supplies
193,FUR-FU-10002960,"Eldon 200 Class Desk Accessories, Burgundy",Furniture
194,TEC-PH-10001918,Nortel Business Series Terminal T7208 Digital phone,Technology
195,OFF-ST-10000642,"Tennsco Lockers, Gray",Office Supplies
196,TEC-PH-10001700,Panasonic KX-TG6844B Expandable Digital Cordless Telephone,Technology
197,OFF-FA-10000134,"Advantus Push Pins, Aluminum Head",Office Supplies
198,OFF-ST-10001522,"Gould Plastics 18-Pocket Panel Bin, 34w x 5-1/4d x 20-1/2h",Office Supplies
199,TEC-AC-10001266,Memorex Micro Travel Drive 8 GB,Technology
200,OFF-LA-10004544,Avery 505,Office Supplies
201,FUR-BO-10004695,O'Sullivan 2-Door Barrister Bookcase in Odessa Pine,Furniture
202,TEC-MA-10000864,Cisco 9971 IP Video Phone Charcoal,Technology
203,TEC-AC-10000109,Sony Micro Vault Click 16 GB USB 2.0 Flash Drive,Technology
204,TEC-PH-10002563,Adtran 1202752G1,Technology
205,OFF-FA-10000585,OIC Bulk Pack Metal Binder Clips,Office Supplies
206,OFF-PA-10004000,"While You Were Out Pads, 50 per Pad, 4 x 5 1/4, Green Cycle",Office Supplies
207,FUR-FU-10000087,"Executive Impressions 14"" Two-Color Numerals Wall Clock",Furniture
208,TEC-MA-10001148,Swingline SM12-08 MicroCut Jam Free Shredder,Technology
209,OFF-AR-10001958,Stanley Bostitch Contemporary Electric Pencil Sharpeners,Office Supplies
210,OFF-AR-10001026,"Sanford Uni-Blazer View Highlighters, Chisel Tip, Yellow",Office Supplies
211,FUR-TA-10003748,Bevis 36 x 72 Conference Tables,Furniture
212,OFF-ST-10002485,Rogers Deluxe File Chest,Office Supplies
213,FUR-CH-10004860,Global Low Back Tilter Chair,Furniture
214,FUR-CH-10004477,"Global Push Button Manager's Chair, Indigo",Furniture
215,OFF-BI-10001679,GBC Instant Index System for Binding Systems,Office Supplies
216,FUR-TA-10001705,Bush Advantage Collection Round Conference Table,Furniture
217,FUR-TA-10003473,Bretford Rectangular Conference Table Tops,Furniture
218,FUR-FU-10004017,"Tenex Contemporary Contur Chairmats for Low and Medium Pile Carpet, Computer, 39"" x 49""",Furniture
219,TEC-AC-10003832,Logitech P710e Mobile Speakerphone,Technology
220,OFF-PA-10002479,Xerox 4200 Series MultiUse Premium Copy Paper (20Lb. and 84 Bright),Office Supplies
221,OFF-PA-10003349,Xerox 1957,Office Supplies
222,FUR-FU-10000576,Luxo Professional Fluorescent Magnifier Lamp with Clamp-Mount Base,Furniture
223,FUR-FU-10004351,Staple-based wall hangings,Furniture
224,TEC-PH-10000011,PureGear Roll-On Screen Protector,Technology
225,FUR-TA-10002607,KI Conference Tables,Furniture
226,FUR-FU-10002505,Eldon 100 Class Desk Accessories,Furniture
227,OFF-ST-10002276,Safco Steel Mobile File Cart,Office Supplies
228,OFF-PA-10004082,"Adams Telephone Message Book w/Frequently-Called Numbers Space, 400 Messages per Book",Office Supplies
229,OFF-AP-10002945,Honeywell Enviracaire Portable HEPA Air Cleaner for 17' x 22' Room,Office Supplies
230,FUR-CH-10002965,"Global Leather Highback Executive Chair with Pneumatic Height Adjustment, Black",Furniture
231,OFF-PA-10004569,"Wirebound Message Books, Two 4 1/4"" x 5"" Forms per Page",Office Supplies
232,OFF-ST-10001228,"Fellowes Personal Hanging Folder Files, Navy",Office Supplies
233,OFF-EN-10003296,Tyvek Side-Opening Peel & Seel Expanding Envelopes,Office Supplies
234,OFF-ST-10004804,"Belkin 19"" Vented Equipment Shelf, Black",Office Supplies
235,TEC-PH-10001580,Logitech Mobile Speakerphone P710e - speaker phone,Technology
236,TEC-AC-10000290,Sabrent 4-Port USB 2.0 Hub,Technology
237,OFF-ST-10002790,Safco Industrial Shelving,Office Supplies
238,OFF-BI-10003460,Acco 3-Hole Punch,Office Supplies
239,OFF-AP-10002203,Eureka Disposable Bags for Sanitaire Vibra Groomer I Upright Vac,Office Supplies
240,TEC-MA-10003353,Xerox WorkCentre 6505DN Laser Multifunction Printer,Technology
241,TEC-PH-10001433,Cisco Small Business SPA 502G VoIP phone,Technology
242,TEC-AC-10004469,Microsoft Sculpt Comfort Mouse,Technology
243,OFF-AR-10003602,"Quartet Omega Colored Chalk, 12/Pack",Office Supplies
244,OFF-FA-10003472,Bagged Rubber Bands,Office Supplies
245,OFF-ST-10004180,Safco Commercial Shelving,Office Supplies
246,OFF-EN-10004386,"Recycled Interoffice Envelopes with String and Button Closure, 10 x 13",Office Supplies
247,OFF-ST-10003208,Adjustable Depth Letter/Legal Cart,Office Supplies
248,TEC-AC-10003628,Logitech 910-002974 M325 Wireless Mouse for Web Scrolling,Technology
249,FUR-FU-10003274,Regeneration Desk Collection,Furniture
250,OFF-BI-10002557,Presstex Flexible Ring Binders,Office Supplies
251,OFF-PA-10002615,"Ampad Gold Fibre Wirebound Steno Books, 6"" x 9"", Gregg Ruled",Office Supplies
252,OFF-AR-10001427,Newell 330,Office Supplies
253,OFF-PA-10000673,"Post-it  Important Message  Note Pad, Neon Colors, 50 Sheets/Pad",Office Supplies
254,OFF-PA-10004470,"Adams Write n' Stick Phone Message Book, 11"" X 5 1/4"", 200 Messages",Office Supplies
255,OFF-ST-10000876,Eldon Simplefile Box Office,Office Supplies
256,OFF-LA-10002043,Avery 489,Office Supplies
257,OFF-BI-10004967,Round Ring Binders,Office Supplies
258,TEC-PH-10001760,Bose SoundLink Bluetooth Speaker,Technology
259,FUR-TA-10002903,"Bevis Round Bullnose 29"" High Table Top",Furniture
260,OFF-PA-10000474,Easy-staple paper,Office Supplies
261,TEC-AC-10001956,Microsoft Arc Touch Mouse,Technology
262,OFF-PA-10004100,Xerox 216,Office Supplies
263,OFF-BI-10000778,GBC VeloBinder Electric Binding Machine,Office Supplies
264,OFF-SU-10000646,Premier Automatic Letter Opener,Office Supplies
265,OFF-FA-10002983,Advantus SlideClip Paper Clips,Office Supplies
266,OFF-LA-10004689,Avery 512,Office Supplies
267,TEC-AC-10002001,Logitech Wireless Gaming Headset G930,Technology
268,FUR-BO-10004709,"Bush Westfield Collection Bookcases, Medium Cherry Finish",Furniture
269,FUR-FU-10004091,"Howard Miller 13"" Diameter Goldtone Round Wall Clock",Furniture
270,FUR-CH-10001891,Global Deluxe Office Fabric Chairs,Furniture
271,FUR-FU-10002918,Eldon ClusterMat Chair Mat with Cordless Antistatic Protection,Furniture
272,OFF-BI-10004593,Ibico Laser Imprintable Binding System Covers,Office Supplies
273,OFF-FA-10004854,"Vinyl Coated Wire Paper Clips in Organizer Box, 800/Box",Office Supplies
274,OFF-PA-10002105,Xerox 223,Office Supplies
275,OFF-ST-10002756,"Tennsco Stur-D-Stor Boltless Shelving, 5 Shelves, 24"" Deep, Sand",Office Supplies
276,OFF-PA-10004243,Xerox 1939,Office Supplies
277,FUR-FU-10001861,"Floodlight Indoor Halogen Bulbs, 1 Bulb per Pack, 60 Watts",Furniture
278,OFF-BI-10002706,Avery Premier Heavy-Duty Binder with Round Locking Rings,Office Supplies
279,FUR-TA-10002533,BPI Conference Tables,Furniture
280,FUR-FU-10002671,Electrix 20W Halogen Replacement Bulb for Zoom-In Desk Lamp,Furniture
281,OFF-AR-10003651,Newell 350,Office Supplies
282,OFF-BI-10001072,"GBC Clear Cover, 8-1/2 x 11, unpunched, 25 covers per pack",Office Supplies
283,OFF-AR-10002135,Boston Heavy-Duty Trimline Electric Pencil Sharpeners,Office Supplies
284,OFF-AR-10002804,Faber Castell Col-Erase Pencils,Office Supplies
285,FUR-FU-10001918,C-Line Cubicle Keepers Polyproplyene Holder With Velcro Backings,Furniture
286,FUR-CH-10004086,Hon 4070 Series Pagoda Armless Upholstered Stacking Chairs,Furniture
287,FUR-FU-10001756,"Eldon Expressions Desk Accessory, Wood Photo Frame, Mahogany",Furniture
288,OFF-LA-10000634,Avery 509,Office Supplies
289,FUR-FU-10001588,"Deflect-o SuperTray Unbreakable Stackable Tray, Letter, Black",Furniture
290,TEC-PH-10002398,AT&T 1070 Corded Phone,Technology
291,OFF-PA-10001937,Xerox 21,Office Supplies
292,OFF-AR-10003373,"Boston School Pro Electric Pencil Sharpener, 1670",Office Supplies
293,FUR-CH-10002602,DMI Arturo Collection Mission-style Design Wood Chair,Furniture
294,TEC-MA-10002927,Canon imageCLASS MF7460 Monochrome Digital Laser Multifunction Copier,Technology
295,TEC-AC-10000892,NETGEAR N750 Dual Band Wi-Fi Gigabit Router,Technology
296,OFF-FA-10000624,OIC Binder Clips,Office Supplies
297,TEC-AC-10001908,Logitech Wireless Headset h800,Technology
298,FUR-FU-10001967,Telescoping Adjustable Floor Lamp,Furniture
299,TEC-PH-10003645,Aastra 57i VoIP phone,Technology
300,OFF-ST-10000675,"File Shuttle II and Handi-File, Black",Office Supplies
301,FUR-CH-10003312,Hon 2090  Pillow Soft  Series Mid Back Swivel/Tilt Chairs,Furniture
302,OFF-LA-10001074,Round Specialty Laser Printer Labels,Office Supplies
303,OFF-BI-10001524,GBC Premium Transparent Covers with Diagonal Lined Pattern,Office Supplies
304,TEC-PH-10004614,AT&T 841000 Phone,Technology
305,OFF-BI-10001153,Ibico Recycled Grain-Textured Covers,Office Supplies
306,OFF-BI-10001982,Wilson Jones Custom Binder Spines & Labels,Office Supplies
307,OFF-BI-10001922,Storex Dura Pro Binders,Office Supplies
308,TEC-CO-10001449,Hewlett Packard LaserJet 3310 Copier,Technology
309,OFF-BI-10004140,Avery Non-Stick Binders,Office Supplies
310,OFF-BI-10003314,Tuff Stuff Recycled Round Ring Binders,Office Supplies
311,FUR-TA-10004575,Hon 5100 Series Wood Tables,Furniture
312,OFF-FA-10000490,"OIC Binder Clips, Mini, 1/4"" Capacity, Black",Office Supplies
313,OFF-AR-10000122,Newell 314,Office Supplies
314,TEC-PH-10000702,"Square Credit Card Reader, 4 1/2"" x 4 1/2"" x 1"", White",Technology
315,OFF-AR-10001374,"BIC Brite Liner Highlighters, Chisel Tip",Office Supplies
316,OFF-PA-10001970,Xerox 1881,Office Supplies
317,OFF-BI-10002160,Acco Hanging Data Binders,Office Supplies
318,OFF-BI-10004995,GBC DocuBind P400 Electric Binding System,Office Supplies
319,FUR-BO-10002268,Sauder Barrister Bookcases,Furniture
320,OFF-EN-10001137,"#10 Gummed Flap White Envelopes, 100/Box",Office Supplies
321,OFF-AR-10002399,"Dixon Prang Watercolor Pencils, 10-Color Set with Brush",Office Supplies
322,OFF-PA-10002713,"Adams Phone Message Book, 200 Message Capacity, 8 1/16  x 11",Office Supplies
323,OFF-AP-10001124,Belkin 8 Outlet SurgeMaster II Gold Surge Protector with Phone Protection,Office Supplies
324,OFF-LA-10001158,"Avery Address/Shipping Labels for Typewriters, 4"" x 2""",Office Supplies
325,FUR-CH-10000785,Global Ergonomic Managers Chair,Furniture
326,OFF-AR-10003732,Newell 333,Office Supplies
327,FUR-FU-10000023,Eldon Wave Desk Accessories,Furniture
328,OFF-BI-10002412,Wilson Jones  Snap  Scratch Pad Binder Tool for Ring Binders,Office Supplies
329,OFF-SU-10001225,Staple remover,Office Supplies
330,OFF-ST-10002406,Pizazz Global Quick File,Office Supplies
331,OFF-PA-10002036,Xerox 1930,Office Supplies
332,OFF-ST-10002205,File Shuttle I and Handi-File,Office Supplies
333,TEC-AC-10003911,NETGEAR AC1750 Dual Band Gigabit Smart WiFi Router,Technology
334,OFF-AR-10000658,Newell 324,Office Supplies
335,TEC-AC-10002076,Microsoft Natural Keyboard Elite,Technology
336,OFF-PA-10003039,Xerox 1960,Office Supplies
337,FUR-TA-10004915,"Office Impressions End Table, 20-1/2""H x 24""W x 20""D",Furniture
338,OFF-AP-10000696,Holmes Odor Grabber,Office Supplies
339,OFF-ST-10003327,Akro-Mils 12-Gallon Tote,Office Supplies
340,OFF-BI-10000309,"GBC Twin Loop Wire Binding Elements, 9/16"" Spine, Black",Office Supplies
341,OFF-PA-10004734,Southworth Structures Collection,Office Supplies
342,OFF-BI-10002225,"Square Ring Data Binders, Rigid 75 Pt. Covers, 11"" x 14-7/8""",Office Supplies
343,TEC-AC-10004708,Sony 32GB Class 10 Micro SDHC R40 Memory Card,Technology
344,FUR-TA-10000617,"Hon Practical Foundations 30 x 60 Training Table, Light Gray/Charcoal",Furniture
345,TEC-AC-10002335,Logitech Media Keyboard K200,Technology
346,TEC-MA-10001681,Lexmark MarkNet N8150 Wireless Print Server,Technology
347,FUR-FU-10001935,3M Hangers With Command Adhesive,Furniture
348,OFF-AR-10004757,Crayola Colored Pencils,Office Supplies
349,OFF-BI-10000050,"Angle-D Binders with Locking Rings, Label Holders",Office Supplies
350,TEC-PH-10003012,Nortel Meridian M3904 Professional Digital phone,Technology
351,TEC-CO-10002313,Canon PC1080F Personal Copier,Technology
352,OFF-BI-10003982,Wilson Jones Century Plastic Molded Ring Binders,Office Supplies
353,OFF-BI-10004492,Tuf-Vin Binders,Office Supplies
354,OFF-ST-10000798,2300 Heavy-Duty Transfer File Systems by Perma,Office Supplies
355,OFF-PA-10002552,Xerox 1958,Office Supplies
356,OFF-SU-10002573,"Acme 10"" Easy Grip Assistive Scissors",Office Supplies
357,OFF-ST-10001580,Super Decoflex Portable Personal File,Office Supplies
358,OFF-ST-10000934,"Contico 72""H Heavy-Duty Storage System",Office Supplies
359,TEC-AC-10000158,Sony 64GB Class 10 Micro SDHC R40 Memory Card,Technology
360,OFF-PA-10001947,Xerox 1974,Office Supplies
361,OFF-AR-10003478,"Avery Hi-Liter EverBold Pen Style Fluorescent Highlighters, 4/Pack",Office Supplies
362,OFF-AP-10004249,Staple holder,Office Supplies
363,TEC-CO-10004115,Sharp AL-1530CS Digital Copier,Technology
364,OFF-PA-10003724,"Wirebound Message Book, 4 per Page",Office Supplies
365,FUR-TA-10002041,"Bevis Round Conference Table Top, X-Base",Furniture
366,OFF-PA-10002893,"Wirebound Service Call Books, 5 1/2"" x 4""",Office Supplies
367,OFF-LA-10003766,Self-Adhesive Removable Labels,Office Supplies
368,OFF-PA-10001970,Xerox 1908,Office Supplies
369,FUR-BO-10001972,O'Sullivan 4-Shelf Bookcase in Odessa Pine,Furniture
370,FUR-CH-10003956,Novimex High-Tech Fabric Mesh Task Chair,Furniture
371,OFF-PA-10000157,Xerox 191,Office Supplies
372,OFF-AR-10004344,Bulldog Vacuum Base Pencil Sharpener,Office Supplies
373,FUR-CH-10004886,Bevis Steel Folding Chairs,Furniture
374,OFF-PA-10003845,Xerox 1987,Office Supplies
375,OFF-AR-10001573,American Pencil,Office Supplies
376,OFF-EN-10000483,"White Envelopes, White Envelopes with Clear Poly Window",Office Supplies
377,TEC-AC-10004114,KeyTronic 6101 Series - Keyboard - Black,Technology
378,FUR-FU-10004712,"Westinghouse Mesh Shade Clip-On Gooseneck Lamp, Black",Furniture
379,OFF-ST-10000918,Crate-A-Files,Office Supplies
380,FUR-CH-10000015,Hon Multipurpose Stacking Arm Chairs,Furniture
381,FUR-FU-10003347,Coloredge Poster Frame,Furniture
382,OFF-BI-10001543,GBC VeloBinder Manual Binding System,Office Supplies
383,TEC-MA-10000029,"Epson WorkForce WF-2530 All-in-One Printer, Copier Scanner",Technology
384,OFF-AR-10000369,Design Ebony Sketching Pencil,Office Supplies
385,OFF-BI-10004584,GBC ProClick 150 Presentation Binding System,Office Supplies
386,OFF-ST-10000617,Woodgrain Magazine Files by Perma,Office Supplies
387,OFF-ST-10003306,Letter Size Cart,Office Supplies
388,OFF-BI-10000773,Insertable Tab Post Binder Dividers,Office Supplies
389,TEC-AC-10002600,Belkin QODE FastFit Bluetooth Keyboard,Technology
390,TEC-MA-10002937,"Canon Color ImageCLASS MF8580Cdw Wireless Laser All-In-One Printer, Copier, Scanner",Technology
391,OFF-PA-10002230,Xerox 1897,Office Supplies
392,FUR-CH-10003396,Global Deluxe Steno Chair,Furniture
393,FUR-FU-10000246,Aluminum Document Frame,Furniture
394,OFF-ST-10000060,Fellowes Bankers Box Staxonsteel Drawer File/Stacking System,Office Supplies
395,OFF-ST-10003058,Eldon Mobile Mega Data Cart  Mega Stackable  Add-On Trays,Office Supplies
396,OFF-PA-10002222,"Xerox Color Copier Paper, 11"" x 17"", Ream",Office Supplies
397,FUR-CH-10002372,Office Star - Ergonomically Designed Knee Chair,Furniture
398,OFF-LA-10001317,Avery 520,Office Supplies
399,FUR-FU-10000206,"GE General Purpose, Extra Long Life, Showcase & Floodlight Incandescent Bulbs",Furniture
400,OFF-AR-10000588,Newell 345,Office Supplies
401,OFF-ST-10001469,Fellowes Bankers Box Recycled Super Stor/Drawer,Office Supplies
402,OFF-AR-10001953,Boston 1645 Deluxe Heavier-Duty Electric Pencil Sharpener,Office Supplies
403,OFF-AR-10003156,50 Colored Long Pencils,Office Supplies
404,OFF-AR-10004974,Newell 342,Office Supplies
405,TEC-PH-10002365,Belkin Grip Candy Sheer Case / Cover for iPhone 5 and 5S,Technology
406,OFF-ST-10000142,Deluxe Rollaway Locking File with Drawer,Office Supplies
407,TEC-AC-10001772,Memorex Mini Travel Drive 16 GB USB 2.0 Flash Drive,Technology
408,FUR-CH-10000225,"Global Geo Office Task Chair, Gray",Furniture
409,FUR-CH-10002331,Hon 4700 Series Mobuis Mid-Back Task Chairs with Adjustable Arms,Furniture
410,OFF-EN-10001415,Staple envelope,Office Supplies
411,OFF-AP-10002472,3M Office Air Cleaner,Office Supplies
412,TEC-AC-10004571,Logitech G700s Rechargeable Gaming Mouse,Technology
413,OFF-BI-10001098,Acco D-Ring Binder w/DublLock,Office Supplies
414,FUR-TA-10001889,Bush Advantage Collection Racetrack Conference Table,Furniture
415,OFF-BI-10000315,Poly Designer Cover & Back,Office Supplies
416,OFF-SU-10003505,Premier Electric Letter Opener,Office Supplies
417,OFF-AP-10002578,"Fellowes Premier Superior Surge Suppressor, 10-Outlet, With Phone and Remote",Office Supplies
418,FUR-BO-10002824,Bush Mission Pointe Library,Furniture
419,OFF-BI-10002194,Cardinal Hold-It CD Pocket,Office Supplies
420,OFF-PA-10004071,"Eaton Premium Continuous-Feed Paper, 25% Cotton, Letter Size, White, 1000 Shts/Box",Office Supplies
421,OFF-ST-10002743,SAFCO Boltless Steel Shelving,Office Supplies
422,FUR-BO-10001601,"Sauder Mission Library with Doors, Fruitwood Finish",Furniture
423,TEC-PH-10002680,Samsung Galaxy Note 3,Technology
424,OFF-ST-10001321,"Decoflex Hanging Personal Folder File, Blue",Office Supplies
425,OFF-PA-10001509,"Recycled Desk Saver Line ""While You Were Out"" Book, 5 1/2"" X 4""",Office Supplies
426,OFF-PA-10003465,Xerox 1912,Office Supplies
427,TEC-PH-10000149,Cisco SPA525G2 IP Phone - Wireless,Technology
428,OFF-AR-10003045,Prang Colored Pencils,Office Supplies
429,OFF-ST-10000689,"Fellowes Strictly Business Drawer File, Letter/Legal Size",Office Supplies
430,TEC-AC-10001445,Imation USB 2.0 Swivel Flash Drive USB flash drive - 4 GB - Pink,Technology
431,TEC-AC-10002567,Logitech G602 Wireless Gaming Mouse,Technology
432,OFF-LA-10003923,Alphabetical Labels for Top Tab Filing,Office Supplies
433,FUR-BO-10001337,O'Sullivan Living Dimensions 2-Shelf Bookcases,Furniture
434,TEC-PH-10001924,iHome FM Clock Radio with Lightning Dock,Technology
435,TEC-PH-10001363,Apple iPhone 5S,Technology
436,TEC-PH-10000376,Square Credit Card Reader,Technology
437,TEC-AC-10000303,Logitech M510 Wireless Mouse,Technology
438,OFF-ST-10001809,Fellowes Officeware Wire Shelving,Office Supplies
439,OFF-EN-10003845,Colored Envelopes,Office Supplies
440,TEC-AC-10000991,Sony Micro Vault Click 8 GB USB 2.0 Flash Drive,Technology
441,FUR-TA-10001857,Balt Solid Wood Rectangular Table,Furniture
442,OFF-EN-10001434,"Strathmore #10 Envelopes, Ultimate White",Office Supplies
443,OFF-BI-10002498,Clear Mylar Reinforcing Strips,Office Supplies
444,FUR-FU-10004864,"Howard Miller 14-1/2"" Diameter Chrome Round Wall Clock",Furniture
445,FUR-FU-10000073,Deflect-O Glasstique Clear Desk Accessories,Furniture
446,OFF-BI-10001670,Vinyl Sectional Post Binders,Office Supplies
447,OFF-BI-10001658,GBC Standard Therm-A-Bind Covers,Office Supplies
448,FUR-CH-10001215,Global Troy Executive Leather Low-Back Tilter,Furniture
449,OFF-BI-10000831,Storex Flexible Poly Binders with Double Pockets,Office Supplies
450,OFF-PA-10000357,"White Dual Perf Computer Printout Paper, 2700 Sheets, 1 Part, Heavyweight, 20 lbs., 14 7/8 x 11",Office Supplies
451,OFF-AR-10001662,Rogers Handheld Barrel Pencil Sharpener,Office Supplies
452,OFF-AR-10003856,Newell 344,Office Supplies
453,OFF-ST-10001228,Personal File Boxes with Fold-Down Carry Handle,Office Supplies
454,OFF-BI-10003527,Fellowes PB500 Electric Punch Plastic Comb Binding Machine with Manual Bind,Office Supplies
455,FUR-FU-10001290,Executive Impressions Supervisor Wall Clock,Furniture
456,TEC-AC-10002399,SanDisk Cruzer 32 GB USB Flash Drive,Technology
457,OFF-AR-10003811,Newell 327,Office Supplies
458,OFF-AR-10001246,Newell 317,Office Supplies
459,TEC-CO-10003236,Canon Image Class D660 Copier,Technology
460,OFF-ST-10004507,Advantus Rolling Storage Box,Office Supplies
461,OFF-PA-10001667,Great White Multi-Use Recycled Paper (20Lb. and 84 Bright),Office Supplies
462,OFF-ST-10004459,Tennsco Single-Tier Lockers,Office Supplies
463,OFF-ST-10000736,Carina Double Wide Media Storage Towers in Natural & Black,Office Supplies
464,OFF-BI-10000285,XtraLife ClearVue Slant-D Ring Binders by Cardinal,Office Supplies
465,TEC-PH-10003555,Motorola HK250 Universal Bluetooth Headset,Technology
466,TEC-AC-10003832,Imation 16GB Mini TravelDrive USB 2.0 Flash Drive,Technology
467,OFF-FA-10002815,Staples,Office Supplies
468,FUR-CH-10003379,Global Commerce Series High-Back Swivel/Tilt Chairs,Furniture
469,OFF-ST-10004963,Eldon Gobal File Keepers,Office Supplies
470,OFF-SU-10002881,Martin Yale Chadless Opener Electric Letter Opener,Office Supplies
471,OFF-EN-10001335,"White Business Envelopes with Contemporary Seam, Recycled White Business Envelopes",Office Supplies
472,FUR-CH-10000595,Safco Contoured Stacking Chairs,Furniture
473,FUR-FU-10000448,Tenex Chairmats For Use With Carpeted Floors,Furniture
474,TEC-PH-10000984,Panasonic KX-TG9471B,Technology
475,OFF-ST-10001325,Sterilite Officeware Hinged File Box,Office Supplies
476,OFF-BI-10002429,"Premier Elliptical Ring Binder, Black",Office Supplies
477,OFF-BI-10004528,Cardinal Poly Pocket Divider Pockets for Ring Binders,Office Supplies
478,OFF-AP-10001271,Eureka The Boss Cordless Rechargeable Stick Vac,Office Supplies
479,FUR-CH-10002647,"Situations Contoured Folding Chairs, 4/Set",Furniture
480,TEC-AC-10001432,Enermax Aurora Lite Keyboard,Technology
481,TEC-PH-10002262,LG Electronics Tone+ HBS-730 Bluetooth Headset,Technology
482,TEC-AC-10001465,SanDisk Cruzer 64 GB USB Flash Drive,Technology
483,TEC-PH-10002597,Xblue XB-1670-86 X16 Small Office Telephone - Titanium,Technology
484,FUR-FU-10000723,"Deflect-o EconoMat Studded, No Bevel Mat for Low Pile Carpeting",Furniture
485,OFF-BI-10000404,Avery Printable Repositionable Plastic Tabs,Office Supplies
486,OFF-PA-10002986,Xerox 1898,Office Supplies
487,OFF-SU-10001935,Staple remover,Office Supplies
488,FUR-CH-10002024,HON 5400 Series Task Chairs for Big and Tall,Furniture
489,FUR-FU-10003039,"Howard Miller 11-1/2"" Diameter Grantwood Wall Clock",Furniture
490,OFF-FA-10004248,Advantus T-Pin Paper Clips,Office Supplies
491,OFF-ST-10001780,Tennsco 16-Compartment Lockers with Coat Rack,Office Supplies
492,OFF-AR-10003560,Zebra Zazzle Fluorescent Highlighters,Office Supplies
493,OFF-LA-10001297,Avery 473,Office Supplies
494,FUR-TA-10004256,Bretford  Just In Time  Height-Adjustable Multi-Task Work Tables,Furniture
495,OFF-PA-10003441,Xerox 226,Office Supplies
496,OFF-BI-10000069,"GBC Prepunched Paper, 19-Hole, for Binding Systems, 24-lb",Office Supplies
497,OFF-AP-10003914,"Sanitaire Vibra Groomer IR Commercial Upright Vacuum, Replacement Belts",Office Supplies
498,FUR-FU-10004020,Advantus Panel Wall Acrylic Frame,Furniture
499,OFF-FA-10003467,"Alliance Big Bands Rubber Bands, 12/Pack",Office Supplies
500,TEC-PH-10002496,Cisco SPA301,Technology
501,OFF-PA-10004530,Personal Creations Ink Jet Cards and Labels,Office Supplies
502,OFF-BI-10001107,"GBC White Gloss Covers, Plain Front",Office Supplies
503,OFF-PA-10004451,Xerox 222,Office Supplies
504,FUR-CH-10004997,Hon Every-Day Series Multi-Task Chairs,Furniture
505,TEC-PH-10000347,Cush Cases Heavy Duty Rugged Cover Case for Samsung Galaxy S5 - Purple,Technology
506,OFF-AR-10003394,Newell 332,Office Supplies
507,OFF-PA-10001450,Rediform S.O.S. Phone Message Books,Office Supplies
508,OFF-SU-10001574,Acme Value Line Scissors,Office Supplies
509,FUR-FU-10001475,"Contract Clock, 14"", Brown",Furniture
510,OFF-SU-10004498,Martin-Yale Premier Letter Opener,Office Supplies
511,TEC-PH-10000586,AT&T SB67148 SynJ,Technology
512,OFF-BI-10002764,Recycled Pressboard Report Cover with Reinforced Top Hinge,Office Supplies
513,OFF-LA-10003930,"Dot Matrix Printer Tape Reel Labels, White, 5000/Box",Office Supplies
514,TEC-PH-10003800,i.Sound Portable Power - 8000 mAh,Technology
515,OFF-PA-10002005,Xerox 225,Office Supplies
516,OFF-PA-10004101,Xerox 1894,Office Supplies
517,OFF-AR-10004078,Newell 312,Office Supplies
518,OFF-AP-10004708,Fellowes Superior 10 Outlet Split Surge Protector,Office Supplies
519,FUR-FU-10001979,Dana Halogen Swing-Arm Architect Lamp,Furniture
520,OFF-SU-10004115,Acme Stainless Steel Office Snips,Office Supplies
521,TEC-PH-10001425,Mophie Juice Pack Helium for iPhone,Technology
522,TEC-PH-10003963,GE 2-Jack Phone Line Splitter,Technology
523,OFF-ST-10001490,"Hot File 7-Pocket, Floor Stand",Office Supplies
524,OFF-PA-10002120,Xerox 1889,Office Supplies
525,OFF-BI-10000848,Angle-D Ring Binders,Office Supplies
526,TEC-PH-10003092,Motorola L804,Technology
527,OFF-LA-10004345,Avery 493,Office Supplies
528,OFF-PA-10001204,Xerox 1972,Office Supplies
529,TEC-PH-10004667,Cisco 8x8 Inc. 6753i IP Business Phone System,Technology
530,OFF-BI-10002949,Prestige Round Ring Binders,Office Supplies
531,FUR-FU-10003849,"DAX Metal Frame, Desktop, Stepped-Edge",Furniture
532,FUR-FU-10000010,"DAX Value U-Channel Document Frames, Easel Back",Furniture
533,OFF-BI-10002824,Recycled Easel Ring Binders,Office Supplies
534,TEC-PH-10002538,Grandstream GXP1160 VoIP phone,Technology
535,OFF-BI-10002103,"Cardinal Slant-D Ring Binder, Heavy Gauge Vinyl",Office Supplies
536,FUR-CH-10004853,"Global Manager's Adjustable Task Chair, Storm",Furniture
537,OFF-AP-10000179,Honeywell Enviracaire Portable HEPA Air Cleaner for up to 10 x 16 Room,Office Supplies
538,OFF-ST-10001272,"Mini 13-1/2 Capacity Data Binder Rack, Pearl",Office Supplies
539,FUR-FU-10000221,"Master Caster Door Stop, Brown",Furniture
540,OFF-AP-10001563,Belkin Premiere Surge Master II 8-outlet surge protector,Office Supplies
541,OFF-BI-10000605,"Acco Pressboard Covers with Storage Hooks, 9 1/2"" x 11"", Executive Red",Office Supplies
542,OFF-ST-10001963,Tennsco Regal Shelving Units,Office Supplies
543,TEC-AC-10001267,Imation 32GB Pocket Pro USB 3.0 Flash Drive - 32 GB - Black - 1 P ...,Technology
544,TEC-PH-10002103,Jabra SPEAK 410,Technology
545,TEC-AC-10002857,"Verbatim 25 GB 6x Blu-ray Single Layer Recordable Disc, 1/Pack",Technology
546,FUR-CH-10001482,Office Star - Mesh Screen back chair with Vinyl seat,Furniture
547,OFF-BI-10001989,Premium Transparent Presentation Covers by GBC,Office Supplies
548,OFF-AP-10003287,Tripp Lite TLP810NET Broadband Surge for Modem/Fax,Office Supplies
549,OFF-BI-10004728,Wilson Jones Turn Tabs Binder Tool for Ring Binders,Office Supplies
550,FUR-FU-10000732,Eldon 200 Class Desk Accessories,Furniture
551,OFF-ST-10000585,Economy Rollaway Files,Office Supplies
552,OFF-LA-10002787,Avery 480,Office Supplies
553,OFF-PA-10001934,Xerox 1993,Office Supplies
554,OFF-AP-10002457,"Eureka The Boss Plus 12-Amp Hard Box Upright Vacuum, Red",Office Supplies
555,OFF-FA-10003112,Staples,Office Supplies
556,OFF-AP-10002350,Belkin F9H710-06 7 Outlet SurgeMaster Surge Protector,Office Supplies
557,TEC-AC-10001142,First Data FD10 PIN Pad,Technology
558,TEC-AC-10001101,Sony 16GB Class 10 Micro SDHC R40 Memory Card,Technology
559,OFF-AP-10002439,Tripp Lite Isotel 8 Ultra 8 Outlet Metal Surge,Office Supplies
560,OFF-BI-10002827,Avery Durable Poly Binders,Office Supplies
561,OFF-EN-10002230,Airmail Envelopes,Office Supplies
562,OFF-ST-10001511,Space Solutions Commercial Steel Shelving,Office Supplies
563,OFF-SU-10004231,Acme Tagit Stainless Steel Antibacterial Scissors,Office Supplies
564,TEC-PH-10004042,ClearOne Communications CHAT 70 OC Speaker Phone,Technology
565,FUR-FU-10003096,"Master Giant Foot Doorstop, Safety Yellow",Furniture
566,FUR-FU-10002759,12-1/2 Diameter Round Wall Clock,Furniture
567,FUR-TA-10000688,"Chromcraft Bull-Nose Wood Round Conference Table Top, Wood Base",Furniture
568,OFF-PA-10002377,"Adams Telephone Message Book W/Dividers/Space For Phone Numbers, 5 1/4""X8 1/2"", 200/Messages",Office Supplies
569,OFF-AR-10001954,Newell 331,Office Supplies
570,OFF-AP-10004532,Kensington 6 Outlet Guardian Standard Surge Protector,Office Supplies
571,OFF-PA-10002137,"Southworth 100% R sum  Paper, 24lb.",Office Supplies
572,OFF-AP-10000804,Hoover Portapower Portable Vacuum,Office Supplies
573,TEC-AC-10003614,"Verbatim 25 GB 6x Blu-ray Single Layer Recordable Disc, 10/Pack",Technology
574,FUR-FU-10003553,"Howard Miller 13-1/2"" Diameter Rosebrook Wall Clock",Furniture
575,OFF-BI-10004632,Ibico Hi-Tech Manual Binding System,Office Supplies
576,OFF-BI-10003305,Avery Hanging File Binders,Office Supplies
577,OFF-ST-10002583,Fellowes Neat Ideas Storage Cubes,Office Supplies
578,TEC-MA-10004125,Cubify CubeX 3D Printer Triple Head Print,Technology
579,OFF-LA-10001934,Avery 516,Office Supplies
580,FUR-BO-10004015,"Bush Andora Bookcase, Maple/Graphite Gray Finish",Furniture
581,FUR-FU-10004071,Luxo Professional Magnifying Clamp-On Fluorescent Lamps,Furniture
582,OFF-ST-10002444,Recycled Eldon Regeneration Jumbo File,Office Supplies
583,TEC-AC-10002253,Imation Bio 8GB USB Flash Drive Imation Corp,Technology
584,OFF-PA-10000743,Xerox 1977,Office Supplies
585,OFF-LA-10002312,Avery 490,Office Supplies
586,OFF-LA-10003510,"Avery 4027 File Folder Labels for Dot Matrix Printers, 5000 Labels per Box, White",Office Supplies
587,OFF-AR-10001118,"Binney & Smith Crayola Metallic Crayons, 16-Color Pack",Office Supplies
588,OFF-BI-10001575,GBC Linen Binding Covers,Office Supplies
589,FUR-FU-10003394,"Tenex ""The Solids"" Textured Chair Mats",Furniture
590,FUR-TA-10002774,Laminate Occasional Tables,Furniture
591,OFF-PA-10001800,Xerox 220,Office Supplies
592,OFF-AP-10001469,Fellowes 8 Outlet Superior Workstation Surge Protector,Office Supplies
593,FUR-BO-10003272,O'Sullivan Living Dimensions 5-Shelf Bookcases,Furniture
594,OFF-EN-10001219,"#10- 4 1/8"" x 9 1/2"" Security-Tint Envelopes",Office Supplies
595,OFF-AP-10001154,Bionaire Personal Warm Mist Humidifier/Vaporizer,Office Supplies
596,TEC-AC-10001606,Logitech Wireless Performance Mouse MX for PC and Mac,Technology
597,OFF-BI-10003355,Cardinal Holdit Business Card Pockets,Office Supplies
598,FUR-FU-10002253,"Howard Miller 13"" Diameter Pewter Finish Round Wall Clock",Furniture
599,OFF-PA-10004092,Tops Green Bar Computer Printout Paper,Office Supplies
600,FUR-TA-10000198,Chromcraft Bull-Nose Wood Oval Conference Tables & Bases,Furniture
601,OFF-ST-10000036,"Recycled Data-Pak for Archival Bound Computer Printouts, 12-1/2 x 12-1/2 x 16",Office Supplies
602,FUR-FU-10000222,"Seth Thomas 16"" Steel Case Clock",Furniture
603,OFF-SU-10004664,Acme Softgrip Scissors,Office Supplies
604,OFF-EN-10001141,"Manila Recycled Extra-Heavyweight Clasp Envelopes, 6"" x 9""",Office Supplies
605,TEC-PH-10002170,ClearSounds CSC500 Amplified Spirit Phone Corded phone,Technology
606,OFF-PA-10001954,Xerox 1964,Office Supplies
607,FUR-TA-10002228,"Bevis Traditional Conference Table Top, Plinth Base",Furniture
608,OFF-ST-10004634,"Personal Folder Holder, Ebony",Office Supplies
609,TEC-AC-10003610,Logitech Illuminated - Keyboard,Technology
610,FUR-BO-10001619,O'Sullivan Cherrywood Estates Traditional Bookcase,Furniture
611,OFF-BI-10000138,Acco Translucent Poly Ring Binders,Office Supplies
612,TEC-AC-10001383,Logitech Wireless Touch Keyboard K400,Technology
613,OFF-LA-10003223,Avery 508,Office Supplies
614,OFF-BI-10004094,GBC Standard Plastic Binding Systems Combs,Office Supplies
615,OFF-PA-10004971,Xerox 196,Office Supplies
616,OFF-SU-10004261,"Fiskars 8"" Scissors, 2/Pack",Office Supplies
617,TEC-PH-10000004,Belkin iPhone and iPad Lightning Cable,Technology
618,OFF-BI-10003638,GBC Durable Plastic Covers,Office Supplies
619,FUR-FU-10003577,Nu-Dell Leatherette Frames,Furniture
620,OFF-BI-10000546,Avery Durable Binders,Office Supplies
621,TEC-CO-10002095,Hewlett Packard 610 Color Digital Copier / Printer,Technology
622,FUR-TA-10001095,Chromcraft Round Conference Tables,Furniture
623,OFF-LA-10004484,Avery 476,Office Supplies
624,OFF-EN-10001532,Brown Kraft Recycled Envelopes,Office Supplies
625,TEC-AC-10003174,Plantronics S12 Corded Telephone Headset System,Technology
626,OFF-BI-10004187,3-ring staple pack,Office Supplies
627,OFF-ST-10000025,Fellowes Stor/Drawer Steel Plus Storage Drawers,Office Supplies
628,FUR-FU-10004306,Electrix Halogen Magnifier Lamp,Furniture
629,FUR-CH-10003746,Hon 4070 Series Pagoda Round Back Stacking Chairs,Furniture
630,OFF-BI-10001036,Cardinal EasyOpen D-Ring Binders,Office Supplies
631,OFF-BI-10000301,GBC Instant Report Kit,Office Supplies
632,OFF-AR-10004648,Boston 19500 Mighty Mite Electric Pencil Sharpener,Office Supplies
633,FUR-FU-10002597,"C-Line Magnetic Cubicle Keepers, Clear Polypropylene",Furniture
634,OFF-AR-10003405,"Dixon My First Ticonderoga Pencil, #2",Office Supplies
635,FUR-CH-10002335,Hon GuestStacker Chair,Furniture
636,OFF-PA-10003657,Xerox 1927,Office Supplies
637,FUR-BO-10004409,"Safco Value Mate Series Steel Bookcases, Baked Enamel Finish on Steel, Gray",Furniture
638,TEC-AC-10000057,Microsoft Natural Ergonomic Keyboard 4000,Technology
639,OFF-EN-10000056,Cameo Buff Policy Envelopes,Office Supplies
640,OFF-BI-10000014,Heavy-Duty E-Z-D Binders,Office Supplies
641,FUR-CH-10004675,"Lifetime Advantage Folding Chairs, 4/Carton",Furniture
642,OFF-BI-10001132,"Acco PRESSTEX Data Binder with Storage Hooks, Dark Blue, 9 1/2"" X 11""",Office Supplies
643,FUR-CH-10003199,Office Star - Contemporary Task Swivel Chair,Furniture
644,TEC-PH-10001530,Cisco Unified IP Phone 7945G VoIP phone,Technology
645,OFF-LA-10001569,Avery 499,Office Supplies
646,OFF-PA-10000176,Xerox 1887,Office Supplies
647,OFF-LA-10002271,Smead Alpha-Z Color-Coded Second Alphabetical Labels and Starter Set,Office Supplies
648,FUR-FU-10004090,"Executive Impressions 14"" Contract Wall Clock",Furniture
649,OFF-AP-10000576,Belkin 7 Outlet SurgeMaster II,Office Supplies
650,OFF-PA-10003953,Xerox 218,Office Supplies
651,FUR-FU-10000794,"Eldon Stackable Tray, Side-Load, Legal, Smoke",Furniture
652,OFF-AR-10001897,Model L Table or Wall-Mount Pencil Sharpener,Office Supplies
653,TEC-PH-10001795,ClearOne CHATAttach 160 - speaker phone,Technology
654,TEC-AC-10004901,Kensington SlimBlade Notebook Wireless Mouse with Nano Receiver,Technology
655,OFF-AR-10003190,Newell 32,Office Supplies
656,OFF-AP-10000240,Belkin F9G930V10-GRY 9 Outlet Surge,Office Supplies
657,TEC-AC-10001838,Razer Tiamat Over Ear 7.1 Surround Sound PC Gaming Headset,Technology
658,OFF-PA-10003651,Xerox 1968,Office Supplies
659,OFF-BI-10003094,Self-Adhesive Ring Binder Labels,Office Supplies
660,FUR-CH-10001394,Global Leather Executive Chair,Furniture
661,OFF-BI-10004230,GBC Recycled Grain Textured Covers,Office Supplies
662,OFF-PA-10003395,Xerox 1941,Office Supplies
663,TEC-AC-10002402,Razer Kraken PRO Over Ear PC and Music Headset,Technology
664,TEC-AC-10003441,Kingston Digital DataTraveler 32GB USB 2.0,Technology
665,OFF-FA-10002280,Advantus Plastic Paper Clips,Office Supplies
666,OFF-SU-10000381,Acme Forged Steel Scissors with Black Enamel Handles,Office Supplies
667,OFF-EN-10004459,Security-Tint Envelopes,Office Supplies
668,FUR-CH-10000665,"Global Airflow Leather Mesh Back Chair, Black",Furniture
669,OFF-AP-10003884,"Fellowes Smart Surge Ten-Outlet Protector, Platinum",Office Supplies
670,TEC-PH-10001557,Pyle PMP37LED,Technology
671,TEC-PH-10002085,Clarity 53712,Technology
672,OFF-AR-10002956,Boston 16801 Nautilus Battery Pencil Sharpener,Office Supplies
673,OFF-AP-10003266,"Holmes Replacement Filter for HEPA Air Cleaner, Large Room",Office Supplies
674,TEC-MA-10004002,Zebra GX420t Direct Thermal/Thermal Transfer Printer,Technology
675,OFF-BI-10001071,GBC ProClick Punch Binding System,Office Supplies
676,OFF-PA-10001560,"Adams Telephone Message Books, 5 1/4  x 11",Office Supplies
677,OFF-AR-10002578,Newell 335,Office Supplies
678,FUR-BO-10001519,O'Sullivan 3-Shelf Heavy-Duty Bookcases,Furniture
679,OFF-BI-10001294,Fellowes Binding Cases,Office Supplies
680,OFF-BI-10001636,Ibico Plastic and Wire Spiral Binding Combs,Office Supplies
681,OFF-SU-10002503,Acme Preferred Stainless Steel Scissors,Office Supplies
682,OFF-LA-10004093,Avery 486,Office Supplies
683,FUR-FU-10003878,"Linden 10"" Round Wall Clock, Black",Furniture
684,TEC-AC-10000710,Maxell DVD-RAM Discs,Technology
685,OFF-AR-10002335,DIXON Oriole Pencils,Office Supplies
686,OFF-PA-10001870,Xerox 202,Office Supplies
687,OFF-PA-10001019,Xerox 1884,Office Supplies
688,OFF-SU-10002537,Acme Box Cutter Scissors,Office Supplies
689,OFF-ST-10003221,Staple magnet,Office Supplies
690,OFF-AR-10003752,Deluxe Chalkboard Eraser Cleaner,Office Supplies
691,TEC-AC-10001714,Logitech MX Performance Wireless Mouse,Technology
692,OFF-AR-10003958,Newell 337,Office Supplies
693,TEC-PH-10002923,"Logitech B530 USB Headset - headset - Full size, Binaural",Technology
694,OFF-LA-10004272,Avery 482,Office Supplies
695,FUR-FU-10000965,"Howard Miller 11-1/2"" Diameter Ridgewood Wall Clock",Furniture
696,OFF-LA-10004853,Avery 483,Office Supplies
697,OFF-BI-10003719,Large Capacity Hanging Post Binders,Office Supplies
698,OFF-BI-10000545,GBC Ibimaster 500 Manual ProClick Binding System,Office Supplies
699,OFF-PA-10003591,Southworth 100% Cotton The Best Paper,Office Supplies
700,OFF-PA-10001790,Xerox 1910,Office Supplies
701,TEC-AC-10002049,Logitech G19 Programmable Gaming Keyboard,Technology
702,OFF-BI-10003712,"Acco Pressboard Covers with Storage Hooks, 14 7/8"" x 11"", Light Blue",Office Supplies
703,OFF-BI-10003984,Lock-Up Easel 'Spel-Binder',Office Supplies
704,FUR-FU-10001424,Dax Clear Box Frame,Furniture
705,OFF-BI-10002071,Fellowes Black Plastic Comb Bindings,Office Supplies
706,OFF-ST-10002486,Eldon Shelf Savers Cubes and Bins,Office Supplies
707,TEC-AC-10000927,Anker Ultrathin Bluetooth Wireless Keyboard Aluminum Cover with Stand,Technology
708,OFF-PA-10001622,"Ampad Poly Cover Wirebound Steno Book, 6"" x 9"" Assorted Colors, Gregg Ruled",Office Supplies
709,OFF-AR-10003158,Fluorescent Highlighters by Dixon,Office Supplies
710,TEC-PH-10002660,Nortel Networks T7316 E Nt8 B27,Technology
711,OFF-BI-10003364,Binding Machine Supplies,Office Supplies
712,OFF-EN-10001099,Staple envelope,Office Supplies
713,OFF-PA-10002250,Things To Do Today Pad,Office Supplies
714,OFF-BI-10004716,Wilson Jones Hanging Recycled Pressboard Data Binders,Office Supplies
715,OFF-LA-10001045,Permanent Self-Adhesive File Folder Labels for Typewriters by Universal,Office Supplies
716,OFF-BI-10001510,Deluxe Heavy-Duty Vinyl Round Ring Binder,Office Supplies
717,OFF-PA-10002947,Xerox 1923,Office Supplies
718,OFF-PA-10000019,Xerox 1931,Office Supplies
719,FUR-BO-10003441,"Bush Westfield Collection Bookcases, Fully Assembled",Furniture
720,TEC-PH-10004774,Gear Head AU3700S Headset,Technology
721,OFF-BI-10003684,Wilson Jones Legal Size Ring Binders,Office Supplies
722,TEC-PH-10001494,Polycom CX600 IP Phone VoIP phone,Technology
723,TEC-AC-10004666,Maxell iVDR EX 500GB Cartridge,Technology
724,OFF-ST-10003816,Fellowes High-Stak Drawer Files,Office Supplies
725,FUR-TA-10001520,"Lesro Sheffield Collection Coffee Table, End Table, Center Table, Corner Table",Furniture
726,OFF-ST-10001558,Acco Perma 4000 Stacking Storage Drawers,Office Supplies
727,TEC-AC-10002473,Maxell 4.7GB DVD-R,Technology
728,TEC-PH-10004531,OtterBox Commuter Series Case - iPhone 5 & 5s,Technology
729,OFF-AP-10004487,Kensington 4 Outlet MasterPiece Compact Power Control Center,Office Supplies
730,OFF-PA-10003543,Xerox 1985,Office Supplies
731,TEC-AC-10004353,Hypercom P1300 Pinpad,Technology
732,OFF-AR-10001468,"Sanford Prismacolor Professional Thick Lead Art Pencils, 36-Color Set",Office Supplies
733,OFF-PA-10002195,"RSVP Cards & Envelopes, Blank White, 8-1/2"" X 11"", 24 Cards/25 Envelopes/Set",Office Supplies
734,OFF-PA-10001745,"Wirebound Message Books, 2 7/8"" x 5"", 3 Forms per Page",Office Supplies
735,OFF-BI-10004826,JM Magazine Binder,Office Supplies
736,OFF-PA-10000289,Xerox 213,Office Supplies
737,OFF-AP-10003040,Fellowes 8 Outlet Superior Workstation Surge Protector w/o Phone/Fax/Modem Protection,Office Supplies
738,OFF-PA-10000350,"Message Book, Standard Line ""While You Were Out"", 5 1/2"" X 4"", 200 Sets/Book",Office Supplies
739,OFF-BI-10001759,"Acco Pressboard Covers with Storage Hooks, 14 7/8"" x 11"", Dark Blue",Office Supplies
740,OFF-ST-10001496,Standard Rollaway File with Lock,Office Supplies
741,OFF-BI-10002931,"Avery Trapezoid Extra Heavy Duty 4"" Binders",Office Supplies
742,FUR-TA-10002356,Bevis Boat-Shaped Conference Table,Furniture
743,FUR-FU-10003601,"Deflect-o RollaMat Studded, Beveled Mat for Medium Pile Carpeting",Furniture
744,FUR-TA-10004154,"Riverside Furniture Oval Coffee Table, Oval End Table, End Table with Drawer",Furniture
745,OFF-PA-10000788,Xerox 210,Office Supplies
746,FUR-FU-10001940,Staple-based wall hangings,Furniture
747,OFF-BI-10004465,Avery Durable Slant Ring Binders,Office Supplies
748,OFF-PA-10002333,"Universal Ultra Bright White Copier/Laser Paper, 8 1/2"" x 11"", Ream",Office Supplies
749,FUR-FU-10004188,Luxo Professional Combination Clamp-On Lamps,Furniture
750,OFF-BI-10000145,Zipper Ring Binder Pockets,Office Supplies
751,OFF-LA-10001613,Avery File Folder Labels,Office Supplies
752,OFF-LA-10004055,Color-Coded Legal Exhibit Labels,Office Supplies
753,OFF-PA-10004621,Xerox 212,Office Supplies
754,OFF-PA-10001281,Computer Printout Paper with Letter-Trim Fine Perforations,Office Supplies
755,OFF-ST-10001097,Office Impressions Heavy Duty Welded Shelving & Multimedia Storage Drawers,Office Supplies
756,FUR-FU-10001095,DAX Black Cherry Wood-Tone Poster Frame,Furniture
757,OFF-BI-10002012,Wilson Jones Easy Flow II Sheet Lifters,Office Supplies
758,OFF-PA-10004156,Xerox 188,Office Supplies
759,OFF-AR-10000034,"BIC Brite Liner Grip Highlighters, Assorted, 5/Pack",Office Supplies
760,TEC-PH-10000560,Samsung Galaxy S III - 16GB - pebble blue (T-Mobile),Technology
761,OFF-EN-10000461,"#10- 4 1/8"" x 9 1/2"" Recycled Envelopes",Office Supplies
762,TEC-MA-10003066,Wasp CCD Handheld Bar Code Reader,Technology
763,OFF-BI-10004022,Acco Suede Grain Vinyl Round Ring Binder,Office Supplies
764,OFF-AR-10001988,Bulldog Table or Wall-Mount Pencil Sharpener,Office Supplies
765,OFF-PA-10003625,Xerox 1979,Office Supplies
766,OFF-BI-10003925,Fellowes PB300 Plastic Comb Binding Machine,Office Supplies
767,TEC-PH-10001530,Plantronics Voyager Pro Legend,Technology
768,OFF-EN-10003862,Laser & Ink Jet Business Envelopes,Office Supplies
769,OFF-ST-10004258,Portable Personal File Box,Office Supplies
770,FUR-FU-10002885,Magna Visual Magnetic Picture Hangers,Furniture
771,TEC-AC-10003033,Plantronics CS510 - Over-the-Head monaural Wireless Headset System,Technology
772,OFF-ST-10000046,Fellowes Super Stor/Drawer Files,Office Supplies
773,OFF-BI-10002049,UniKeep View Case Binders,Office Supplies
774,FUR-FU-10001602,"Eldon Delta Triangular Chair Mat, 52"" x 58"", Clear",Furniture
775,OFF-ST-10003722,Project Tote Personal File,Office Supplies
776,TEC-AC-10003198,Enermax Acrylux Wireless Keyboard,Technology
777,FUR-FU-10002191,G.E. Halogen Desk Lamp Bulbs,Furniture
778,TEC-PH-10004188,OtterBox Commuter Series Case - Samsung Galaxy S4,Technology
779,OFF-ST-10001526,Iceberg Mobile Mega Data/Printer Cart,Office Supplies
780,OFF-AR-10001166,Staples in misc. colors,Office Supplies
781,FUR-CH-10000309,Global Comet Stacking Arm Chair,Furniture
782,TEC-MA-10004212,Cisco SPA525G2 5-Line IP Phone,Technology
783,OFF-EN-10003072,Peel & Seel Envelopes,Office Supplies
784,OFF-BI-10000320,GBC Plastic Binding Combs,Office Supplies
785,OFF-PA-10001166,Xerox 2,Office Supplies
786,OFF-PA-10003656,Xerox 1935,Office Supplies
787,TEC-PH-10000148,Cyber Acoustics AC-202b Speech Recognition Stereo Headset,Technology
788,TEC-PH-10003885,Cisco SPA508G,Technology
789,OFF-LA-10001175,Avery 514,Office Supplies
790,OFF-PA-10000955,Southworth 25% Cotton Granite Paper & Envelopes,Office Supplies
791,FUR-FU-10003975,Eldon Advantage Chair Mats for Low to Medium Pile Carpets,Furniture
792,OFF-BI-10003707,Aluminum Screw Posts,Office Supplies
793,OFF-AR-10000203,Newell 336,Office Supplies
794,OFF-AR-10004790,Staples in misc. colors,Office Supplies
795,TEC-AC-10004761,Maxell 4.7GB DVD+RW 3/Pack,Technology
796,FUR-BO-10001811,"Atlantic Metals Mobile 5-Shelf Bookcases, Custom Colors",Furniture
797,OFF-AR-10001130,"Quartet Alpha White Chalk, 12/Pack",Office Supplies
798,OFF-AP-10000055,Belkin F9S820V06 8 Outlet Surge,Office Supplies
799,FUR-CH-10002304,"Global Stack Chair without Arms, Black",Furniture
800,FUR-FU-10000293,Eldon Antistatic Chair Mats for Low to Medium Pile Carpets,Furniture
801,OFF-PA-10001307,"Important Message Pads, 50 4-1/4 x 5-1/2 Forms per Pad",Office Supplies
802,FUR-FU-10004460,"Howard Miller 12"" Round Wall Clock",Furniture
803,OFF-AR-10000716,DIXON Ticonderoga Erasable Checking Pencils,Office Supplies
804,FUR-FU-10004622,Eldon Advantage Foldable Chair Mats for Low Pile Carpets,Furniture
805,OFF-BI-10003529,Avery Round Ring Poly Binders,Office Supplies
806,OFF-BI-10001097,Avery Hole Reinforcements,Office Supplies
807,OFF-BI-10001597,"Wilson Jones Ledger-Size, Piano-Hinge Binder, 2"", Blue",Office Supplies
808,OFF-FA-10001754,Stockwell Gold Paper Clips,Office Supplies
809,OFF-FA-10004838,"Super Bands, 12/Pack",Office Supplies
810,TEC-PH-10002115,Plantronics 81402,Technology
811,OFF-FA-10003059,Assorted Color Push Pins,Office Supplies
812,OFF-BI-10004330,"GBC Velobind Prepunched Cover Sets, Regency Series",Office Supplies
813,OFF-BI-10003669,3M Organizer Strips,Office Supplies
814,OFF-BI-10003727,Avery Durable Slant Ring Binders With Label Holder,Office Supplies
815,TEC-AC-10003447,Micropad Numeric Keypads,Technology
816,OFF-AR-10000255,Newell 328,Office Supplies
817,OFF-AP-10002191,Belkin 8 Outlet SurgeMaster II Gold Surge Protector,Office Supplies
818,OFF-PA-10000349,Easy-staple paper,Office Supplies
819,FUR-CH-10002880,"Global High-Back Leather Tilter, Burgundy",Furniture
820,OFF-PA-10003127,Easy-staple paper,Office Supplies
821,TEC-MA-10003979,Ativa V4110MDD Micro-Cut Shredder,Technology
822,OFF-PA-10000029,Xerox 224,Office Supplies
823,OFF-LA-10000452,Avery 488,Office Supplies
824,TEC-PH-10001819,Innergie mMini Combo Duo USB Travel Charging Kit,Technology
825,OFF-AR-10002952,Stanley Contemporary Battery Pencil Sharpeners,Office Supplies
826,TEC-PH-10000576,AT&T 1080 Corded phone,Technology
827,OFF-PA-10000605,Xerox 1950,Office Supplies
828,OFF-ST-10004340,"Fellowes Mobile File Cart, Black",Office Supplies
829,OFF-BI-10004001,GBC Recycled VeloBinder Covers,Office Supplies
830,FUR-TA-10004147,Hon 4060 Series Tables,Furniture
831,OFF-AR-10001545,Newell 326,Office Supplies
832,TEC-AC-10001013,Logitech ClearChat Comfort/USB Headset H390,Technology
833,OFF-AR-10002255,Newell 346,Office Supplies
834,OFF-PA-10001892,"Rediform Wirebound ""Phone Memo"" Message Book, 11 x 5-3/4",Office Supplies
835,OFF-BI-10003676,"GBC Standard Recycled Report Covers, Clear Plastic Sheets",Office Supplies
836,OFF-FA-10003495,Staples,Office Supplies
837,OFF-EN-10003798,"Recycled Interoffice Envelopes with Re-Use-A-Seal Closure, 10 x 13",Office Supplies
838,TEC-PH-10003589,invisibleSHIELD by ZAGG Smudge-Free Screen Protector,Technology
839,OFF-PA-10004735,Xerox 1905,Office Supplies
840,FUR-BO-10002206,"Bush Saratoga Collection 5-Shelf Bookcase, Hanover Cherry, *Special Order",Furniture
841,OFF-PA-10000141,"Ampad Evidence Wirebond Steno Books, 6"" x 9""",Office Supplies
842,TEC-PH-10001061,Apple iPhone 5C,Technology
843,OFF-AR-10002375,Newell 351,Office Supplies
844,OFF-EN-10001539,Staple envelope,Office Supplies
845,FUR-TA-10004086,KI Adjustable-Height Table,Furniture
846,OFF-PA-10000100,Xerox 1945,Office Supplies
847,OFF-LA-10000973,Avery 502,Office Supplies
848,OFF-ST-10001476,Steel Personal Filing/Posting Tote,Office Supplies
849,OFF-EN-10002831,"Tyvek  Top-Opening Peel & Seel  Envelopes, Gray",Office Supplies
850,OFF-PA-10001763,Xerox 1896,Office Supplies
851,OFF-BI-10002072,Cardinal Slant-D Ring Binders,Office Supplies
852,OFF-FA-10001561,Stockwell Push Pins,Office Supplies
853,TEC-MA-10004241,Star Micronics TSP800 TSP847IIU Receipt Printer,Technology
854,OFF-AP-10003849,Hoover Shoulder Vac Commercial Portable Vacuum,Office Supplies
855,OFF-FA-10000735,Staples,Office Supplies
856,OFF-BI-10003350,Acco Expandable Hanging Binders,Office Supplies
857,TEC-PH-10000307,Shocksock Galaxy S4 Armband,Technology
858,TEC-CO-10004202,Brother DCP1000 Digital 3 in 1 Multifunction Machine,Technology
859,FUR-FU-10001852,"Eldon Regeneration Recycled Desk Accessories, Smoke",Furniture
860,OFF-AR-10003759,"Crayola Anti Dust Chalk, 12/Pack",Office Supplies
861,OFF-ST-10004337,"SAFCO Commercial Wire Shelving, 72h",Office Supplies
862,FUR-TA-10001932,"Chromcraft 48"" x 96"" Racetrack Double Pedestal Table",Furniture
863,FUR-CH-10002126,Hon Deluxe Fabric Upholstered Stacking Chairs,Furniture
864,OFF-AP-10000576,"Belkin 325VA UPS Surge Protector, 6'",Office Supplies
865,TEC-PH-10004700,PowerGen Dual USB Car Charger,Technology
866,OFF-BI-10003429,"Cardinal HOLDit! Binder Insert Strips,Extra Strips",Office Supplies
867,FUR-FU-10004952,"C-Line Cubicle Keepers Polyproplyene Holder w/Velcro Back, 8-1/2x11, 25/Bx",Furniture
868,OFF-PA-10003172,Xerox 1996,Office Supplies
869,OFF-ST-10002352,Iris Project Case,Office Supplies
870,OFF-PA-10002259,"Geographics Note Cards, Blank, White, 8 1/2"" x 11""",Office Supplies
871,OFF-BI-10002976,ACCOHIDE Binder by Acco,Office Supplies
872,OFF-BI-10003694,"Avery 3 1/2"" Diskette Storage Pages, 10/Pack",Office Supplies
873,OFF-LA-10004425,Staple-on labels,Office Supplies
874,FUR-CH-10001270,Harbour Creations Steel Folding Chair,Furniture
875,TEC-PH-10004539,Wireless Extenders zBoost YX545 SOHO Signal Booster,Technology
876,OFF-AR-10001919,"OIC #2 Pencils, Medium Soft",Office Supplies
877,TEC-PH-10003655,Sannysis Cute Owl Design Soft Skin Case Cover for Samsung Galaxy S4,Technology
878,OFF-BI-10004656,Peel & Stick Add-On Corner Pockets,Office Supplies
879,OFF-ST-10002344,"Carina 42""Hx23 3/4""W Media Storage Unit",Office Supplies
880,TEC-PH-10004447,Toshiba IPT2010-SD IP Telephone,Technology
881,FUR-CH-10003973,GuestStacker Chair with Chrome Finish Legs,Furniture
882,OFF-PA-10000682,Xerox 1924,Office Supplies
883,FUR-FU-10002268,Ultra Door Push Plate,Furniture
884,TEC-AC-10001990,Kensington Orbit Wireless Mobile Trackball for PC and Mac,Technology
885,FUR-CH-10004540,Global Chrome Stack Chair,Furniture
886,OFF-ST-10002292,"Sauder Facets Collection Locker/File Cabinet, Sky Alder Finish",Office Supplies
887,OFF-AR-10004999,Newell 315,Office Supplies
888,OFF-BI-10001031,Pressboard Data Binders by Wilson Jones,Office Supplies
889,OFF-BI-10002432,Wilson Jones Standard D-Ring Binders,Office Supplies
890,FUR-FU-10001867,"Eldon Expressions Punched Metal & Wood Desk Accessories, Pewter & Cherry",Furniture
891,TEC-PH-10002200,Samsung Galaxy Note 2,Technology
892,TEC-PH-10000439,GE DSL Phone Line Filter,Technology
893,OFF-PA-10001685,Easy-staple paper,Office Supplies
894,OFF-ST-10001418,Carina Media Storage Towers in Natural & Black,Office Supplies
895,OFF-ST-10000676,Fellowes Econo/Stor Drawers,Office Supplies
896,OFF-AR-10001022,SANFORD Liquid Accent Tank-Style Highlighters,Office Supplies
897,OFF-EN-10003055,"Blue String-Tie & Button Interoffice Envelopes, 10 x 13",Office Supplies
898,TEC-CO-10001046,Canon Imageclass D680 Copier / Fax,Technology
899,FUR-FU-10000076,24-Hour Round Wall Clock,Furniture
900,FUR-FU-10003268,Eldon Radial Chair Mat for Low to Medium Pile Carpets,Furniture
901,FUR-FU-10003691,"Eldon Image Series Desk Accessories, Ebony",Furniture
902,OFF-AR-10003903,Sanford 52201 APSCO Electric Pencil Sharpener,Office Supplies
903,TEC-PH-10003442,Samsung Replacement EH64AVFWE Premium Headset,Technology
904,OFF-BI-10004519,GBC DocuBind P100 Manual Binding Machine,Office Supplies
905,OFF-EN-10004955,Fashion Color Clasp Envelopes,Office Supplies
906,FUR-TA-10004619,Hon Non-Folding Utility Tables,Furniture
907,FUR-BO-10004467,Bestar Classic Bookcase,Furniture
908,OFF-AR-10002280,Staples in misc. colors,Office Supplies
909,FUR-CH-10001708,Office Star - Contemporary Swivel Chair with Padded Adjustable Arms and Flex Back,Furniture
910,OFF-AR-10000462,Sanford Pocket Accent Highlighters,Office Supplies
911,TEC-PH-10004165,Mitel MiVoice 5330e IP Phone,Technology
912,FUR-FU-10003724,Westinghouse Clip-On Gooseneck Lamps,Furniture
913,FUR-FU-10003535,Howard Miller Distant Time Traveler Alarm Clock,Furniture
914,OFF-ST-10003716,Tennsco Double-Tier Lockers,Office Supplies
915,TEC-PH-10004586,Wilson SignalBoost 841262 DB PRO Amplifier Kit,Technology
916,OFF-BI-10004236,"XtraLife ClearVue Slant-D Ring Binder, White, 3""",Office Supplies
917,OFF-AR-10000422,Pencil and Crayon Sharpener,Office Supplies
918,OFF-PA-10002870,"Ampad Phone Message Book, Recycled, 400 Message Capacity, 5    x 11",Office Supplies
919,OFF-ST-10000563,Fellowes Bankers Box Stor/Drawer Steel Plus,Office Supplies
920,OFF-BI-10002854,"Performers Binder/Pad Holder, Black",Office Supplies
921,FUR-CH-10001973,Office Star Flex Back Scooter Chair with White Frame,Furniture
922,TEC-AC-10000580,Logitech G13 Programmable Gameboard with LCD Display,Technology
923,OFF-AR-10004022,Panasonic KP-380BK Classic Electric Pencil Sharpener,Office Supplies
924,TEC-AC-10004209,Memorex Froggy Flash Drive 4 GB,Technology
925,TEC-AC-10000023,"Maxell 74 Minute CD-R Spindle, 50/Pack",Technology
926,TEC-PH-10003505,Geemarc AmpliPOWER60,Technology
927,OFF-LA-10000121,Avery 48,Office Supplies
928,OFF-BI-10002026,Avery Arch Ring Binders,Office Supplies
929,OFF-PA-10000994,Xerox 1915,Office Supplies
930,OFF-BI-10002813,Avery Reinforcements for Hole-Punch Pages,Office Supplies
931,OFF-AR-10004817,Colorific Watercolor Pencils,Office Supplies
932,OFF-AR-10001860,BIC Liqua Brite Liner,Office Supplies
933,OFF-BI-10004970,"ACCOHIDE 3-Ring Binder, Blue, 1""",Office Supplies
934,OFF-PA-10002968,Xerox 1973,Office Supplies
935,OFF-BI-10004632,GBC Binding covers,Office Supplies
936,FUR-BO-10003433,Sauder Cornerstone Collection Library,Furniture
937,FUR-FU-10002554,"Westinghouse Floor Lamp with Metal Mesh Shade, Black",Furniture
938,TEC-PH-10003437,Blue Parrot B250XT Professional Grade Wireless Bluetooth Headset with,Technology
939,OFF-AP-10003971,Belkin 6 Outlet Metallic Surge Strip,Office Supplies
940,FUR-CH-10003846,Hon Valutask Swivel Chairs,Furniture
941,OFF-LA-10001404,Avery 517,Office Supplies
942,OFF-LA-10001474,Avery 477,Office Supplies
943,OFF-PA-10003072,"Eureka Recycled Copy Paper 8 1/2"" x 11"", Ream",Office Supplies
944,FUR-FU-10004960,"Seth Thomas 12"" Clock w/ Goldtone Case",Furniture
945,TEC-AC-10003116,Memorex Froggy Flash Drive 8 GB,Technology
946,OFF-AP-10004859,Acco 6 Outlet Guardian Premium Surge Suppressor,Office Supplies
947,OFF-PA-10002659,Avoid Verbal Orders Carbonless Minifold Book,Office Supplies
948,OFF-BI-10004139,Fellowes Presentation Covers for Comb Binding Machines,Office Supplies
949,OFF-AR-10002818,Panasonic KP-310 Heavy-Duty Electric Pencil Sharpener,Office Supplies
950,OFF-AP-10001303,"Holmes Cool Mist Humidifier for the Whole House with 8-Gallon Output per Day, Extended Life Filter",Office Supplies
951,OFF-ST-10002574,"SAFCO Commercial Wire Shelving, Black",Office Supplies
952,FUR-FU-10004018,Tensor Computer Mounted Lamp,Furniture
953,TEC-PH-10002549,Polycom SoundPoint IP 450 VoIP phone,Technology
954,OFF-PA-10004911,"Rediform S.O.S. 1-Up Phone Message Bk, 4-1/4x3-1/16 Bk, 1 Form/Pg, 40 Messages/Bk, 3/Pk",Office Supplies
955,TEC-MA-10002178,Cisco CP-7937G Unified IP Conference Station Phone,Technology
956,OFF-AR-10000411,Boston 16701 Slimline Battery Pencil Sharpener,Office Supplies
957,OFF-LA-10000262,Avery 494,Office Supplies
958,OFF-PA-10000466,"Memo Book, 100 Message Capacity, 5 3/8  x 11",Office Supplies
959,OFF-AR-10003829,Newell 35,Office Supplies
960,OFF-BI-10001758,Wilson Jones 14 Line Acrylic Coated Pressboard Data Binders,Office Supplies
961,OFF-BI-10000136,Avery Non-Stick Heavy Duty View Round Locking Ring Binders,Office Supplies
962,OFF-ST-10000649,Hanging Personal Folder File,Office Supplies
963,OFF-PA-10003641,Xerox 1909,Office Supplies
964,FUR-CH-10002961,"Leather Task Chair, Black",Furniture
965,OFF-PA-10004041,"It's Hot Message Books with Stickers, 2 3/4"" x 5""",Office Supplies
966,TEC-PH-10001336,Digium D40 VoIP phone,Technology
967,TEC-MA-10003183,DYMO CardScan Personal V9 Business Card Scanner,Technology
968,TEC-AC-10001314,Case Logic 2.4GHz Wireless Keyboard,Technology
969,TEC-AC-10004510,Logitech Desktop MK120 Mouse and keyboard Combo,Technology
970,OFF-BI-10000042,"Pressboard Data Binder, Crimson, 12"" X 8 1/2""",Office Supplies
971,FUR-TA-10003008,"Lesro Round Back Collection Coffee Table, End Table",Furniture
972,OFF-AP-10003590,Hoover WindTunnel Plus Canister Vacuum,Office Supplies
973,OFF-PA-10000806,Xerox 1934,Office Supplies
974,OFF-AR-10000896,Newell 329,Office Supplies
975,TEC-PH-10002310,Panasonic KX T7731-B Digital phone,Technology
976,OFF-ST-10002289,"Safco Wire Cube Shelving System, For Use as 4 or 5 14"" Cubes, Black",Office Supplies
977,OFF-PA-10001289,White Computer Printout Paper by Universal,Office Supplies
978,OFF-FA-10000053,Revere Boxed Rubber Bands by Revere,Office Supplies
979,FUR-FU-10004091,"Eldon 200 Class Desk Accessories, Black",Furniture
980,OFF-EN-10003001,Ames Color-File Green Diamond Border X-ray Mailers,Office Supplies
981,FUR-TA-10002958,"Bevis Oval Conference Table, Walnut",Furniture
982,FUR-TA-10001676,Hon 61000 Series Interactive Training Tables,Furniture
983,OFF-BI-10000822,"Acco PRESSTEX Data Binder with Storage Hooks, Light Blue, 9 1/2"" X 11""",Office Supplies
984,OFF-PA-10004888,Xerox 217,Office Supplies
985,FUR-TA-10002622,"Bush Andora Conference Table, Maple/Graphite Gray Finish",Furniture
986,OFF-PA-10000418,Xerox 189,Office Supplies
987,FUR-TA-10001039,KI Adjustable-Height Table,Furniture
988,OFF-AR-10002240,Panasonic KP-150 Electric Pencil Sharpener,Office Supplies
989,OFF-BI-10002867,GBC Recycled Regency Composition Covers,Office Supplies
990,FUR-FU-10003976,"DAX Executive Solid Wood Document Frame, Desktop or Hang, Mahogany, 5 x 7",Furniture
991,TEC-PH-10002922,ShoreTel ShorePhone IP 230 VoIP phone,Technology
992,OFF-PA-10000501,Petty Cash Envelope,Office Supplies
993,OFF-AP-10004980,3M Replacement Filter for Office Air Cleaner for 20' x 33' Room,Office Supplies
994,TEC-PH-10001750,Samsung Rugby III,Technology
995,OFF-BI-10003708,"Acco Four Pocket Poly Ring Binder with Label Holder, Smoke, 1""",Office Supplies
996,OFF-BI-10001191,Canvas Sectional Post Binders,Office Supplies
997,OFF-PA-10003673,Strathmore Photo Mount Cards,Office Supplies
998,OFF-PA-10001639,Xerox 203,Office Supplies
999,TEC-AC-10004975,Plantronics Audio 995 Wireless Stereo Headset,Technology
1000,OFF-BI-10004364,Storex Dura Pro Binders,Office Supplies
1001,OFF-PA-10001712,Xerox 1948,Office Supplies
1002,FUR-CH-10004289,Global Super Steno Chair,Furniture
1003,TEC-PH-10002564,OtterBox Defender Series Case - Samsung Galaxy S4,Technology
1004,OFF-BI-10004876,Wilson Jones Suede Grain Vinyl Binders,Office Supplies
1005,TEC-PH-10004348,OtterBox Defender Series Case - iPhone 5c,Technology
1006,OFF-BI-10004352,Wilson Jones DublLock D-Ring Binders,Office Supplies
1007,OFF-BI-10000666,Surelock Post Binders,Office Supplies
1008,TEC-MA-10000010,Hewlett-Packard Deskjet 3050a All-in-One Color Inkjet Printer,Technology
1009,OFF-BI-10000977,Ibico Plastic Spiral Binding Combs,Office Supplies
1010,FUR-TA-10002530,"Iceberg OfficeWorks 42"" Round Tables",Furniture
1011,FUR-FU-10001473,DAX Wood Document Frame,Furniture
1012,OFF-BI-10001765,Wilson Jones Heavy-Duty Casebound Ring Binders with Metal Hinges,Office Supplies
1013,FUR-CH-10000847,Global Executive Mid-Back Manager's Chair,Furniture
1014,OFF-PA-10001293,Xerox 1946,Office Supplies
1015,OFF-AR-10000634,Newell 320,Office Supplies
1016,FUR-FU-10004270,"Eldon Image Series Desk Accessories, Burgundy",Furniture
1017,OFF-AR-10003770,Newell 340,Office Supplies
1018,OFF-LA-10003121,Avery 506,Office Supplies
1019,OFF-PA-10002262,Xerox 192,Office Supplies
1020,OFF-PA-10002464,HP Office Recycled Paper (20Lb. and 87 Bright),Office Supplies
1021,OFF-ST-10002214,X-Rack File for Hanging Folders,Office Supplies
1022,OFF-PA-10000130,Xerox 199,Office Supplies
1023,TEC-AC-10000865,WD My Passport Ultra 500GB Portable External Hard Drive,Technology
1024,OFF-FA-10003021,Staples,Office Supplies
1025,TEC-PH-10003580,Cisco IP Phone 7961G-GE VoIP phone,Technology
1026,TEC-AC-10001109,Logitech Trackman Marble Mouse,Technology
1027,OFF-PA-10001838,"Adams Telephone Message Book W/Dividers/Space For Phone Numbers, 5 1/4""X8 1/2"", 300/Messages",Office Supplies
1028,OFF-ST-10004950,Acco Perma 3000 Stacking Storage Drawers,Office Supplies
1029,OFF-PA-10003823,Xerox 197,Office Supplies
1030,TEC-PH-10001300,"iKross Bluetooth Portable Keyboard + Cell Phone Stand Holder + Brush for Apple iPhone 5S 5C 5, 4S 4",Technology
1031,FUR-TA-10003715,Hon 2111 Invitation Series Corner Table,Furniture
1032,TEC-MA-10004458,Lexmark X 9575 Professional All-in-One Color Printer,Technology
1033,OFF-BI-10004965,Ibico Covers for Plastic or Wire Binding Elements,Office Supplies
1034,OFF-AR-10001419,Newell 325,Office Supplies
1035,OFF-PA-10002586,Xerox 1970,Office Supplies
1036,OFF-AR-10002221,12 Colored Short Pencils,Office Supplies
1037,FUR-FU-10002456,"Master Caster Door Stop, Large Neon Orange",Furniture
1038,OFF-FA-10004968,Rubber Band Ball,Office Supplies
1039,OFF-PA-10001274,Loose Memo Sheets,Office Supplies
1040,OFF-PA-10001125,Xerox 1988,Office Supplies
1041,OFF-ST-10000344,"Neat Ideas Personal Hanging Folder Files, Black",Office Supplies
1042,OFF-ST-10003324,Belkin OmniView SE Rackmount Kit,Office Supplies
1043,OFF-ST-10000419,"Rogers Jumbo File, Granite",Office Supplies
1044,OFF-AP-10001626,"Commercial WindTunnel Clean Air Upright Vacuum, Replacement Belts, Filtration Bags",Office Supplies
1045,FUR-FU-10003981,Eldon Wave Desk Accessories,Furniture
1046,OFF-ST-10001291,"Tenex Personal Self-Stacking Standard File Box, Black/Gray",Office Supplies
1047,OFF-AP-10004868,Hoover Commercial Soft Guard Upright Vacuum And Disposable Filtration Bags,Office Supplies
1048,OFF-LA-10002195,Avery 481,Office Supplies
1049,OFF-AR-10001315,Newell 310,Office Supplies
1050,OFF-EN-10003134,Staple envelope,Office Supplies
1051,OFF-AR-10001955,Newell 319,Office Supplies
1052,OFF-LA-10001641,Avery 518,Office Supplies
1053,OFF-ST-10001370,Sensible Storage WireTech Storage Systems,Office Supplies
1054,TEC-AC-10003038,Kingston Digital DataTraveler 16GB USB 2.0,Technology
1055,OFF-BI-10000088,GBC Imprintable Covers,Office Supplies
1056,OFF-AR-10003504,Newell 347,Office Supplies
1057,OFF-EN-10003160,Pastel Pink Envelopes,Office Supplies
1058,TEC-AC-10003280,Belkin F8E887 USB Wired Ergonomic Keyboard,Technology
1059,TEC-PH-10000169,ARKON Windshield Dashboard Air Vent Car Mount Holder,Technology
1060,OFF-PA-10001526,Xerox 1949,Office Supplies
1061,OFF-AP-10004336,"Conquest 14 Commercial Heavy-Duty Upright Vacuum, Collection System, Accessory Kit",Office Supplies
1062,OFF-PA-10001357,Xerox 1886,Office Supplies
1063,OFF-FA-10000992,"Acco Clips to Go Binder Clips, 24 Clips in Two Sizes",Office Supplies
1064,OFF-AR-10001221,"Dixon Ticonderoga Erasable Colored Pencil Set, 12-Color",Office Supplies
1065,TEC-PH-10004830,Pyle PRT45 Retro Home Telephone,Technology
1066,OFF-PA-10004519,Spiral Phone Message Books with Labels by Adams,Office Supplies
1067,FUR-BO-10000362,Sauder Inglewood Library Bookcases,Furniture
1068,OFF-PA-10000308,Xerox 1901,Office Supplies
1069,OFF-SU-10001165,Acme Elite Stainless Steel Scissors,Office Supplies
1070,FUR-FU-10001488,"Tenex 46"" x 60"" Computer Anti-Static Chairmat, Rectangular Shaped",Furniture
1071,OFF-AR-10003251,Prang Drawing Pencil Set,Office Supplies
1072,OFF-AR-10001044,"BOSTON Ranger #55 Pencil Sharpener, Black",Office Supplies
1073,OFF-AR-10000823,Newell 307,Office Supplies
1074,OFF-AR-10004456,Panasonic KP-4ABK Battery-Operated Pencil Sharpener,Office Supplies
1075,OFF-BI-10000591,Avery Binder Labels,Office Supplies
1076,TEC-PH-10000441,VTech DS6151,Technology
1077,TEC-AC-10004855,V7 USB Numeric Keypad,Technology
1078,OFF-AR-10001915,Peel-Off China Markers,Office Supplies
1079,OFF-ST-10000352,Acco Perma 2700 Stacking Storage Drawers,Office Supplies
1080,OFF-PA-10000575,"Wirebound Message Books, Four 2 3/4 x 5 White Forms per Page",Office Supplies
1081,FUR-FU-10002937,"GE 48"" Fluorescent Tube, Cool White Energy Saver, 34 Watts, 30/Box",Furniture
1082,TEC-AC-10003063,Micro Innovations USB RF Wireless Keyboard with Mouse,Technology
1083,TEC-AC-10002049,Plantronics Savi W720 Multi-Device Wireless Headset System,Technology
1084,FUR-FU-10004415,"Stacking Tray, Side-Loading, Legal, Smoke",Furniture
1085,OFF-ST-10002011,Smead Adjustable Mobile File Trolley with Lockable Top,Office Supplies
1086,TEC-PH-10000038,Jawbone MINI JAMBOX Wireless Bluetooth Speaker,Technology
1087,OFF-PA-10002689,Weyerhaeuser First Choice Laser/Copy Paper (20Lb. and 88 Bright),Office Supplies
1088,TEC-CO-10001766,Canon PC940 Copier,Technology
1089,OFF-PA-10004359,Multicolor Computer Printout Paper,Office Supplies
1090,OFF-FA-10001135,"Brites Rubber Bands, 1 1/2 oz. Box",Office Supplies
1091,OFF-BI-10004224,Catalog Binders with Expanding Posts,Office Supplies
1092,TEC-PH-10003357,Grandstream GXP2100 Mainstream Business Phone,Technology
1093,OFF-PA-10004475,Xerox 1940,Office Supplies
1094,OFF-PA-10003001,Xerox 1986,Office Supplies
1095,OFF-FA-10000611,Binder Clips by OIC,Office Supplies
1096,OFF-BI-10001116,"Wilson Jones 1"" Hanging DublLock Ring Binders",Office Supplies
1097,TEC-PH-10004922,RCA Visys Integrated PBX 8-Line Router,Technology
1098,OFF-BI-10002353,GBC VeloBind Cover Sets,Office Supplies
1099,OFF-FA-10002676,Colored Push Pins,Office Supplies
1100,TEC-AC-10003023,Logitech G105 Gaming Keyboard,Technology
1101,OFF-PA-10000167,Xerox 1925,Office Supplies
1102,TEC-PH-10002185,QVS USB Car Charger 2-Port 2.1Amp for iPod/iPhone/iPad/iPad 2/iPad 3,Technology
1103,FUR-FU-10000758,DAX Natural Wood-Tone Poster Frame,Furniture
1104,TEC-MA-10004679,StarTech.com 10/100 VDSL2 Ethernet Extender Kit,Technology
1105,OFF-AP-10002495,"Acco Smartsocket Table Surge Protector, 6 Color-Coded Adapter Outlets",Office Supplies
1106,OFF-BI-10002414,GBC ProClick Spines for 32-Hole Punch,Office Supplies
1107,TEC-AC-10003133,Memorex Mini Travel Drive 4 GB USB 2.0 Flash Drive,Technology
1108,TEC-AC-10002006,Memorex Micro Travel Drive 16 GB,Technology
1109,OFF-LA-10002381,Avery 497,Office Supplies
1110,OFF-FA-10001843,Staples,Office Supplies
1111,OFF-LA-10003077,Avery 500,Office Supplies
1112,OFF-PA-10003424,"""While you Were Out"" Message Book, One Form per Page",Office Supplies
1113,OFF-PA-10004405,Rediform Voice Mail Log Books,Office Supplies
1114,FUR-BO-10003965,O'Sullivan Manor Hill 2-Door Library in Brianna Oak,Furniture
1115,FUR-FU-10002088,Nu-Dell Float Frame 11 x 14 1/2,Furniture
1116,TEC-AC-10000736,Logitech G600 MMO Gaming Mouse,Technology
1117,FUR-BO-10003966,"Sauder Facets Collection Library, Sky Alder Finish",Furniture
1118,OFF-AP-10000828,Avanti 4.4 Cu. Ft. Refrigerator,Office Supplies
1119,OFF-AP-10002906,Hoover Replacement Belt for Commercial Guardsman Heavy-Duty Upright Vacuum,Office Supplies
1120,OFF-AP-10003860,Fellowes Advanced 8 Outlet Surge Suppressor with Phone/Fax Protection,Office Supplies
1121,FUR-TA-10001307,"SAFCO PlanMaster Heigh-Adjustable Drafting Table Base, 43w x 30d x 30-37h, Black",Furniture
1122,OFF-PA-10001457,White GlueTop Scratch Pads,Office Supplies
1123,OFF-AP-10002082,Holmes HEPA Air Purifier,Office Supplies
1124,TEC-AC-10003590,"TRENDnet 56K USB 2.0 Phone, Internet and Fax Modem",Technology
1125,OFF-PA-10004355,Xerox 231,Office Supplies
1126,OFF-PA-10004947,Easy-staple paper,Office Supplies
1127,FUR-TA-10004607,Hon 2111 Invitation Series Straight Table,Furniture
1128,OFF-PA-10003893,Xerox 1962,Office Supplies
1129,TEC-PH-10001817,Wilson Electronics DB Pro Signal Booster,Technology
1130,FUR-BO-10000330,"Sauder Camden County Barrister Bookcase, Planked Cherry Finish",Furniture
1131,OFF-BI-10001900,"DXL Angle-View Binders with Locking Rings, Black",Office Supplies
1132,FUR-BO-10003159,"Sauder Camden County Collection Libraries, Planked Cherry Finish",Furniture
1133,FUR-FU-10001591,Advantus Panel Wall Certificate Holder - 8.5x11,Furniture
1134,OFF-LA-10002034,Avery 478,Office Supplies
1135,OFF-BI-10001628,"Acco Data Flex Cable Posts For Top & Bottom Load Binders, 6"" Capacity",Office Supplies
1136,OFF-ST-10000877,Recycled Steel Personal File for Standard File Folders,Office Supplies
1137,OFF-AR-10004752,Blackstonian Pencils,Office Supplies
1138,OFF-PA-10000675,Xerox 1919,Office Supplies
1139,OFF-PA-10001609,Tops Wirebound Message Log Books,Office Supplies
1140,TEC-PH-10001615,AT&T CL82213,Technology
1141,TEC-AC-10004568,Maxell LTO Ultrium - 800 GB,Technology
1142,FUR-CH-10001854,Office Star - Professional Matrix Back Chair with 2-to-1 Synchro Tilt and Mesh Fabric Seat,Furniture
1143,OFF-AR-10000475,"Hunt BOSTON Vista Battery-Operated Pencil Sharpener, Black",Office Supplies
1144,TEC-PH-10000455,GE 30522EE2,Technology
1145,OFF-PA-10001994,"Ink Jet Note and Greeting Cards, 8-1/2"" x 5-1/2"" Card Size",Office Supplies
1146,TEC-AC-10002926,Logitech Wireless Marathon Mouse M705,Technology
1147,TEC-PH-10004897,Mediabridge Sport Armband iPhone 5s,Technology
1148,FUR-FU-10001196,DAX Cubicle Frames - 8x10,Furniture
1149,OFF-PA-10000595,Xerox 1929,Office Supplies
1150,OFF-LA-10000443,Avery 501,Office Supplies
1151,OFF-LA-10001771,Avery 513,Office Supplies
1152,OFF-AP-10001394,Harmony Air Purifier,Office Supplies
1153,FUR-FU-10002553,"Electrix Incandescent Magnifying Lamp, Black",Furniture
1154,OFF-AP-10004233,Honeywell Enviracaire Portable Air Cleaner for up to 8 x 10 Room,Office Supplies
1155,FUR-CH-10004754,"Global Stack Chair with Arms, Black",Furniture
1156,OFF-PA-10000809,Xerox 206,Office Supplies
1157,FUR-FU-10002878,"Seth Thomas 14"" Day/Date Wall Clock",Furniture
1158,TEC-PH-10002624,Samsung Galaxy S4 Mini,Technology
1159,TEC-PH-10002885,Apple iPhone 5,Technology
1160,TEC-PH-10000895,Polycom VVX 310 VoIP phone,Technology
1161,TEC-MA-10000488,Bady BDG101FRU Card Printer,Technology
1162,OFF-PA-10003729,Xerox 1998,Office Supplies
1163,OFF-AP-10001005,Honeywell Quietcare HEPA Air Cleaner,Office Supplies
1164,FUR-CH-10000988,Hon Olson Stacker Stools,Furniture
1165,FUR-FU-10001986,"Dana Fluorescent Magnifying Lamp, White, 36""",Furniture
1166,FUR-FU-10004973,Flat Face Poster Frame,Furniture
1167,OFF-ST-10000464,"Multi-Use Personal File Cart and Caster Set, Three Stacking Bins",Office Supplies
1168,OFF-PA-10000528,Xerox 1981,Office Supplies
1169,OFF-PA-10003129,Tops White Computer Printout Paper,Office Supplies
1170,OFF-AR-10003631,Staples in misc. colors,Office Supplies
1171,OFF-BI-10002133,"Wilson Jones Elliptical Ring 3 1/2"" Capacity Binders, 800 sheets",Office Supplies
1172,TEC-PH-10004959,Classic Ivory Antique Telephone ZL1810,Technology
1173,FUR-BO-10001918,"Sauder Forest Hills Library with Doors, Woodland Oak Finish",Furniture
1174,FUR-FU-10001617,"Executive Impressions 8-1/2"" Career Panel/Partition Cubicle Clock",Furniture
1175,TEC-PH-10002824,Jabra SPEAK 410 Multidevice Speakerphone,Technology
1176,OFF-PA-10003309,Xerox 211,Office Supplies
1177,OFF-ST-10002554,Tennsco Industrial Shelving,Office Supplies
1178,OFF-AR-10002067,Newell 334,Office Supplies
1179,FUR-TA-10004175,"Hon 30"" x 60"" Table with Locking Drawer",Furniture
1180,FUR-TA-10004767,Safco Drafting Table,Furniture
1181,OFF-EN-10002621,Staple envelope,Office Supplies
1182,OFF-LA-10003714,Avery 510,Office Supplies
1183,FUR-FU-10001889,Ultra Door Pull Handle,Furniture
1184,OFF-AR-10003723,Avery Hi-Liter Fluorescent Desk Style Markers,Office Supplies
1185,OFF-PA-10000241,"IBM Multi-Purpose Copy Paper, 8 1/2 x 11"", Case",Office Supplies
1186,OFF-AR-10001446,Newell 309,Office Supplies
1187,OFF-BI-10001359,GBC DocuBind TL300 Electric Binding System,Office Supplies
1188,OFF-EN-10001749,Jiffy Padded Mailers with Self-Seal Closure,Office Supplies
1189,OFF-BI-10004390,GBC DocuBind 200 Manual Binding Machine,Office Supplies
1190,TEC-PH-10004924,"SKILCRAFT Telephone Shoulder Rest, 2"" x 6.5"" x 2.5"", Black",Technology
1191,FUR-CH-10000155,Global Comet Stacking Armless Chair,Furniture
1192,OFF-BI-10001757,Pressboard Hanging Data Binders for Unburst Sheets,Office Supplies
1193,FUR-FU-10004093,Hand-Finished Solid Wood Document Frame,Furniture
1194,FUR-FU-10001037,"DAX Charcoal/Nickel-Tone Document Frame, 5 x 7",Furniture
1195,OFF-PA-10001878,Xerox 1891,Office Supplies
1196,TEC-MA-10003674,Hewlett-Packard Deskjet 5550 Printer,Technology
1197,OFF-LA-10003190,Avery 474,Office Supplies
1198,TEC-PH-10001809,Panasonic KX T7736-B Digital phone,Technology
1199,OFF-BI-10003091,GBC DocuBind TL200 Manual Binding Machine,Office Supplies
1200,FUR-CH-10003981,Global Commerce Series Low-Back Swivel/Tilt Chairs,Furniture
1201,OFF-ST-10002562,Staple magnet,Office Supplies
1202,TEC-PH-10004345,Cisco SPA 502G IP Phone,Technology
1203,TEC-PH-10001198,Avaya 4621SW VoIP phone,Technology
1204,OFF-PA-10001972,Xerox 214,Office Supplies
1205,TEC-PH-10002483,Motorola Moto X,Technology
1206,FUR-BO-10000468,O'Sullivan 2-Shelf Heavy-Duty Bookcases,Furniture
1207,TEC-AC-10001284,Enermax Briskie RF Wireless Keyboard and Mouse Combo,Technology
1208,OFF-BI-10002082,GBC Twin Loop Wire Binding Elements,Office Supplies
1209,OFF-ST-10001505,"Perma STOR-ALL Hanging File Box, 13 1/8""W x 12 1/4""D x 10 1/2""H",Office Supplies
1210,OFF-AR-10004582,BIC Brite Liner Grip Highlighters,Office Supplies
1211,TEC-AC-10002842,WD My Passport Ultra 2TB Portable External Hard Drive,Technology
1212,OFF-AP-10004785,"Holmes Replacement Filter for HEPA Air Cleaner, Medium Room",Office Supplies
1213,TEC-AC-10002217,Imation Clip USB flash drive - 8 GB,Technology
1214,OFF-BI-10002954,Newell 3-Hole Punched Plastic Slotted Magazine Holders for Binders,Office Supplies
1215,OFF-AP-10003281,Acco 6 Outlet Guardian Standard Surge Suppressor,Office Supplies
1216,OFF-SU-10000898,"Acme Hot Forged Carbon Steel Scissors with Nickel-Plated Handles, 3 7/8"" Cut, 8""L",Office Supplies
1217,OFF-BI-10001249,Avery Heavy-Duty EZD View Binder with Locking Rings,Office Supplies
1218,TEC-AC-10002718,Belkin Standard 104 key USB Keyboard,Technology
1219,TEC-PH-10002352,Avaya IP Phone 1140E VoIP phone,Technology
1220,FUR-CH-10003774,"Global Wood Trimmed Manager's Task Chair, Khaki",Furniture
1221,OFF-AR-10000127,Newell 321,Office Supplies
1222,TEC-PH-10003811,Jabra Supreme Plus Driver Edition Headset,Technology
1223,OFF-BI-10002393,Binder Posts,Office Supplies
1224,FUR-TA-10002855,Bevis Round Conference Table Top & Single Column Base,Furniture
1225,OFF-EN-10000781,"#10- 4 1/8"" x 9 1/2"" Recycled Envelopes",Office Supplies
1226,OFF-PA-10002160,Xerox 1978,Office Supplies
1227,OFF-AR-10002257,"Eldon Spacemaker Box, Quick-Snap Lid, Clear",Office Supplies
1228,OFF-FA-10004395,Plymouth Boxed Rubber Bands by Plymouth,Office Supplies
1229,OFF-AP-10002534,3.6 Cubic Foot Counter Height Office Refrigerator,Office Supplies
1230,FUR-BO-10003034,"O'Sullivan Elevations Bookcase, Cherry Finish",Furniture
1231,OFF-ST-10000943,Eldon ProFile File 'N Store Portable File Tub Letter/Legal Size Black,Office Supplies
1232,OFF-PA-10000533,Southworth Parchment Paper & Envelopes,Office Supplies
1233,OFF-ST-10001172,"Tennsco Lockers, Sand",Office Supplies
1234,OFF-PA-10001661,Xerox 1922,Office Supplies
1235,OFF-BI-10004817,GBC Personal VeloBind Strips,Office Supplies
1236,FUR-CH-10003833,Novimex Fabric Task Chair,Furniture
1237,FUR-FU-10003142,"Master Big Foot Doorstop, Beige",Furniture
1238,TEC-AC-10001114,Microsoft Wireless Mobile Mouse 4000,Technology
1239,OFF-FA-10002975,Staples,Office Supplies
1240,OFF-ST-10003996,"Letter/Legal File Tote with Clear Snap-On Lid, Black Granite",Office Supplies
1241,OFF-BI-10002571,"Avery Framed View Binder, EZD Ring (Locking), Navy, 1 1/2""",Office Supplies
1242,OFF-PA-10000477,Xerox 1952,Office Supplies
1243,OFF-BI-10004209,"Fellowes Twister Kit, Gray/Clear, 3/pkg",Office Supplies
1244,TEC-AC-10002800,Plantronics Audio 478 Stereo USB Headset,Technology
1245,FUR-TA-10003954,Hon 94000 Series Round Tables,Furniture
1246,TEC-AC-10003289,Anker Ultra-Slim Mini Bluetooth 3.0 Wireless Keyboard,Technology
1247,TEC-PH-10002468,"Plantronics CS 50-USB - headset - Convertible, Monaural",Technology
1248,OFF-PA-10001295,Computer Printout Paper with Letter-Trim Perforations,Office Supplies
1249,OFF-LA-10000248,Avery 52,Office Supplies
1250,OFF-FA-10004076,Translucent Push Pins by OIC,Office Supplies
1251,OFF-LA-10004008,Avery 507,Office Supplies
1252,OFF-AR-10001177,Newell 349,Office Supplies
1253,OFF-BI-10001718,GBC DocuBind P50 Personal Binding Machine,Office Supplies
1254,OFF-AR-10004602,Boston KS Multi-Size Manual Pencil Sharpener,Office Supplies
1255,OFF-ST-10000078,Tennsco 6- and 18-Compartment Lockers,Office Supplies
1256,OFF-PA-10000357,Xerox 1888,Office Supplies
1257,OFF-AR-10004272,Newell 308,Office Supplies
1258,TEC-PH-10001578,Polycom SoundStation2 EX Conference phone,Technology
1259,OFF-ST-10003638,Mobile Personal File Cube,Office Supplies
1260,FUR-BO-10002213,DMI Eclipse Executive Suite Bookcases,Furniture
1261,OFF-EN-10003040,Quality Park Security Envelopes,Office Supplies
1262,TEC-PH-10000923,"Belkin SportFit Armband For iPhone 5s/5c, Fuchsia",Technology
1263,FUR-FU-10003623,"DataProducts Ampli Magnifier Task Lamp, Black,",Furniture
1264,OFF-AP-10000124,Acco 6 Outlet Guardian Basic Surge Suppressor,Office Supplies
1265,OFF-AR-10004511,"Sanford Colorific Scented Colored Pencils, 12/Pack",Office Supplies
1266,OFF-PA-10003883,"Message Book, Phone, Wirebound Standard Line Memo, 2 3/4"" X 5""",Office Supplies
1267,TEC-PH-10002807,Motorla HX550 Universal Bluetooth Headset,Technology
1268,FUR-FU-10002364,"Eldon Expressions Wood Desk Accessories, Oak",Furniture
1269,OFF-SU-10001664,Acme Office Executive Series Stainless Steel Trimmers,Office Supplies
1270,FUR-TA-10003238,"Chromcraft Bull-Nose Wood 48"" x 96"" Rectangular Conference Tables",Furniture
1271,TEC-PH-10001536,Spigen Samsung Galaxy S5 Case Wallet,Technology
1272,OFF-AR-10004956,Newell 33,Office Supplies
1273,OFF-AR-10003696,Panasonic KP-350BK Electric Pencil Sharpener with Auto Stop,Office Supplies
1274,OFF-PA-10000551,Array Memo Cubes,Office Supplies
1275,OFF-BI-10004506,Wilson Jones data.warehouse D-Ring Binders with DublLock,Office Supplies
1276,OFF-PA-10000740,Xerox 1982,Office Supplies
1277,FUR-CH-10002084,Hon Mobius Operator's Chair,Furniture
1278,OFF-AP-10000692,Fellowes Mighty 8 Compact Surge Protector,Office Supplies
1279,OFF-AP-10000252,Harmony HEPA Quiet Air Purifiers,Office Supplies
1280,FUR-FU-10004748,"Howard Miller 16"" Diameter Gallery Wall Clock",Furniture
1281,FUR-FU-10001473,"Eldon Executive Woodline II Desk Accessories, Mahogany",Furniture
1282,OFF-AR-10000538,"Boston Model 1800 Electric Pencil Sharpener, Gray",Office Supplies
1283,TEC-PH-10001079,Polycom SoundPoint Pro SE-225 Corded phone,Technology
1284,OFF-AP-10003842,Euro-Pro Shark Turbo Vacuum,Office Supplies
1285,FUR-CH-10000553,"Metal Folding Chairs, Beige, 4/Carton",Furniture
1286,OFF-AR-10003469,Nontoxic Chalk,Office Supplies
1287,OFF-PA-10003790,Xerox 1991,Office Supplies
1288,FUR-BO-10002202,"Atlantic Metals Mobile 2-Shelf Bookcases, Custom Colors",Furniture
1289,OFF-AP-10002765,Fellowes Advanced Computer Series Surge Protectors,Office Supplies
1290,OFF-ST-10003692,Recycled Steel Personal File for Hanging File Folders,Office Supplies
1291,TEC-PH-10001051,HTC One,Technology
1292,OFF-AR-10000817,Manco Dry-Lighter Erasable Highlighter,Office Supplies
1293,OFF-SU-10000952,Fiskars Home & Office Scissors,Office Supplies
1294,FUR-FU-10004597,Eldon Cleatmat Chair Mats for Medium Pile Carpets,Furniture
1295,OFF-BI-10002982,Avery Self-Adhesive Photo Pockets for Polaroid Photos,Office Supplies
1296,OFF-PA-10004285,Xerox 1959,Office Supplies
1297,OFF-AP-10001391,Kensington 6 Outlet MasterPiece HOMEOFFICE Power Control Center,Office Supplies
1298,OFF-PA-10000477,Xerox 22,Office Supplies
1299,TEC-PH-10001944,Wi-Ex zBoost YX540 Cellular Phone Signal Booster,Technology
1300,OFF-PA-10001776,"Wirebound Message Books, Four 2 3/4"" x 5"" Forms per Page, 600 Sets per Book",Office Supplies
1301,TEC-AC-10004145,Logitech diNovo Edge Keyboard,Technology
1302,OFF-PA-10003919,Xerox 1989,Office Supplies
1303,OFF-PA-10002001,Xerox 1984,Office Supplies
1304,OFF-PA-10002787,Xerox 227,Office Supplies
1305,OFF-ST-10003123,Fellowes Bases and Tops For Staxonsteel/High-Stak Systems,Office Supplies
1306,FUR-FU-10000308,Deflect-o Glass Clear Studded Chair Mats,Furniture
1307,TEC-CO-10003763,Canon PC1060 Personal Laser Copier,Technology
1308,FUR-TA-10001866,Bevis Round Conference Room Tables and Bases,Furniture
1309,OFF-AP-10002222,Staple holder,Office Supplies
1310,OFF-PA-10003971,Xerox 1965,Office Supplies
1311,OFF-AP-10004036,Bionaire 99.97% HEPA Air Cleaner,Office Supplies
1312,OFF-AP-10002287,"Eureka Sanitaire  Multi-Pro Heavy-Duty Upright, Disposable Bags",Office Supplies
1313,FUR-TA-10001950,Balt Solid Wood Round Tables,Furniture
1314,TEC-PH-10001527,Plantronics MX500i Earset,Technology
1315,TEC-AC-10003095,Logitech G35 7.1-Channel Surround Sound Headset,Technology
1316,TEC-AC-10000358,Imation Secure Drive + Hardware Encrypted USB flash drive - 16 GB,Technology
1317,OFF-EN-10004147,Wausau Papers Astrobrights Colored Envelopes,Office Supplies
1318,FUR-FU-10001468,Tenex Antistatic Computer Chair Mats,Furniture
1319,OFF-PA-10000380,"REDIFORM Incoming/Outgoing Call Register, 11"" X 8 1/2"", 100 Messages",Office Supplies
1320,OFF-AP-10000026,Tripp Lite Isotel 6 Outlet Surge Protector with Fax/Modem Protection,Office Supplies
1321,OFF-PA-10003936,Xerox 1994,Office Supplies
1322,FUR-FU-10002501,Nu-Dell Executive Frame,Furniture
1323,OFF-AP-10001205,Belkin 5 Outlet SurgeMaster Power Centers,Office Supplies
1324,OFF-PA-10000659,"TOPS Carbonless Receipt Book, Four 2-3/4 x 7-1/4 Money Receipts per Page",Office Supplies
1325,OFF-BI-10004141,Insertable Tab Indexes For Data Binders,Office Supplies
1326,OFF-BI-10000632,Satellite Sectional Post Binders,Office Supplies
1327,TEC-AC-10004864,Memorex Micro Travel Drive 32 GB,Technology
1328,TEC-MA-10000597,Lexmark S315 Color Inkjet Printer,Technology
1329,OFF-PA-10002960,Xerox 1926,Office Supplies
1330,OFF-PA-10000919,Xerox 1918,Office Supplies
1331,OFF-BI-10001553,SpineVue Locking Slant-D Ring Binders by Cardinal,Office Supplies
1332,OFF-AP-10004540,"Eureka The Boss Lite 10-Amp Upright Vacuum, Blue",Office Supplies
1333,FUR-CH-10001714,"Global Leather & Oak Executive Chair, Burgundy",Furniture
1334,FUR-FU-10002298,"Rubbermaid ClusterMat Chairmats, Mat Size- 66"" x 60"", Lip 20"" x 11"" -90 Degree Angle",Furniture
1335,OFF-AR-10000315,"Dixon Ticonderoga Maple Cedar Pencil, #2",Office Supplies
1336,OFF-FA-10000936,Acco Hot Clips Clips to Go,Office Supplies
1337,OFF-SU-10004768,Acme Kleencut Forged Steel Scissors,Office Supplies
1338,OFF-PA-10002581,Xerox 1951,Office Supplies
1339,FUR-FU-10004848,DAX Solid Wood Frames,Furniture
1340,OFF-AP-10002403,Acco Smartsocket Color-Coded Six-Outlet AC Adapter Model Surge Protectors,Office Supplies
1341,OFF-AR-10003087,Staples in misc. colors,Office Supplies
1342,TEC-PH-10000141,Clearsounds A400,Technology
1343,TEC-CO-10000971,Hewlett Packard 310 Color Digital Copier,Technology
1344,OFF-FA-10001229,Staples,Office Supplies
1345,OFF-BI-10002437,Recycled Premium Regency Composition Covers,Office Supplies
1346,OFF-PA-10004255,Xerox 219,Office Supplies
1347,OFF-PA-10001184,Xerox 1903,Office Supplies
1348,TEC-AC-10002637,Logitech VX Revolution Cordless Laser Mouse for Notebooks (Black),Technology
1349,FUR-BO-10000780,O'Sullivan Plantations 2-Door Library in Landvery Oak,Furniture
1350,TEC-PH-10003072,Panasonic KX-TG9541B DECT 6.0 Digital 2-Line Expandable Cordless Phone With Digital Answering System,Technology
1351,TEC-MA-10000112,Panasonic KX MB2061 Multifunction Printer,Technology
1352,TEC-AC-10004171,Razer Kraken 7.1 Surround Sound Over Ear USB Gaming Headset,Technology
1353,FUR-TA-10002645,Hon Rectangular Conference Tables,Furniture
1354,OFF-BI-10003784,Computer Printout Index Tabs,Office Supplies
1355,OFF-BI-10001617,GBC Wire Binding Combs,Office Supplies
1356,FUR-CH-10002439,"Iceberg Nesting Folding Chair, 19w x 6d x 43h",Furniture
1357,OFF-AP-10003057,Honeywell Enviracaire Portable HEPA Air Cleaner for 16' x 20' Room,Office Supplies
1358,FUR-TA-10000849,Bevis Rectangular Conference Tables,Furniture
1359,OFF-EN-10002973,Ampad #10 Peel & Seel Holiday Envelopes,Office Supplies
1360,OFF-BI-10003963,Cardinal Holdit Data Disk Pockets,Office Supplies
1361,OFF-LA-10000081,Avery 496,Office Supplies
1362,OFF-PA-10000726,"Black Print Carbonless Snap-Off Rapid Letter, 8 1/2"" x 7""",Office Supplies
1363,OFF-PA-10004983,Xerox 23,Office Supplies
1364,FUR-FU-10002107,Eldon Pizzaz Desk Accessories,Furniture
1365,FUR-BO-10002213,"Sauder Forest Hills Library, Woodland Oak Finish",Furniture
1366,FUR-CH-10001190,Global Deluxe High-Back Office Chair in Storm,Furniture
1367,TEC-AC-10000682,Kensington K72356US Mouse-in-a-Box USB Desktop Mouse,Technology
1368,OFF-LA-10004545,Avery 50,Office Supplies
1369,OFF-SU-10002557,Fiskars Spring-Action Scissors,Office Supplies
1370,TEC-PH-10000912,Anker 24W Portable Micro USB Car Charger,Technology
1371,OFF-ST-10001837,"SAFCO Mobile Desk Side File, Wire Frame",Office Supplies
1372,OFF-AR-10001473,Newell 313,Office Supplies
1373,TEC-PH-10001835,Jawbone JAMBOX Wireless Bluetooth Speaker,Technology
1374,OFF-PA-10002245,Xerox 1895,Office Supplies
1375,OFF-EN-10004483,"#10 White Business Envelopes,4 1/8 x 9 1/2",Office Supplies
1376,OFF-SU-10000151,High Speed Automatic Electric Letter Opener,Office Supplies
1377,OFF-AP-10001293,Belkin 8 Outlet Surge Protector,Office Supplies
1378,TEC-PH-10000675,Panasonic KX TS3282B Corded phone,Technology
1379,OFF-ST-10003470,"Tennsco Snap-Together Open Shelving Units, Starter Sets and Add-On Units",Office Supplies
1380,OFF-LA-10004559,Avery 49,Office Supplies
1381,OFF-AP-10002651,Hoover Upright Vacuum With Dirt Cup,Office Supplies
1382,TEC-AC-10002550,Maxell 4.7GB DVD-RW 3/Pack,Technology
1383,OFF-BI-10000829,Avery Non-Stick Binders,Office Supplies
1384,TEC-PH-10002555,Nortel Meridian M5316 Digital phone,Technology
1385,FUR-BO-10003450,"Bush Westfield Collection Bookcases, Dark Cherry Finish",Furniture
1386,FUR-FU-10004665,"3M Polarizing Task Lamp with Clamp Arm, Light Gray",Furniture
1387,TEC-PH-10000369,HTC One Mini,Technology
1388,TEC-AC-10001590,Dell Slim USB Multimedia Keyboard,Technology
1389,FUR-FU-10004909,Contemporary Wood/Metal Frame,Furniture
1390,FUR-BO-10004357,O'Sullivan Living Dimensions 3-Shelf Bookcases,Furniture
1391,TEC-AC-10000387,KeyTronic KT800P2 - Keyboard - Black,Technology
1392,OFF-BI-10001308,GBC Standard Plastic Binding Systems' Combs,Office Supplies
1393,OFF-AP-10002734,Holmes Harmony HEPA Air Purifier for 17 x 20 Room,Office Supplies
1394,FUR-FU-10004587,"GE General Use Halogen Bulbs, 100 Watts, 1 Bulb per Pack",Furniture
1395,TEC-PH-10004833,Macally Suction Cup Mount,Technology
1396,FUR-FU-10001847,Eldon Image Series Black Desk Accessories,Furniture
1397,FUR-FU-10002045,"Executive Impressions 14""",Furniture
1398,FUR-FU-10004671,"Executive Impressions 12"" Wall Clock",Furniture
1399,FUR-TA-10003569,Bretford CR8500 Series Meeting Room Furniture,Furniture
1400,TEC-PH-10002310,Plantronics Calisto P620-M USB Wireless Speakerphone System,Technology
1401,OFF-PA-10001752,Hammermill CopyPlus Copy Paper (20Lb. and 84 Bright),Office Supplies
1402,TEC-MA-10003356,Panasonic KX MC6040 Color Laser Multifunction Printer,Technology
1403,OFF-AR-10003727,Berol Giant Pencil Sharpener,Office Supplies
1404,TEC-AC-10001635,KeyTronic KT400U2 - Keyboard - Black,Technology
1405,OFF-LA-10003663,Avery 498,Office Supplies
1406,TEC-CO-10004722,Canon imageCLASS 2200 Advanced Copier,Technology
1407,TEC-MA-10002210,Epson TM-T88V Direct Thermal Printer - Monochrome - Desktop,Technology
1408,OFF-BI-10003196,Accohide Poly Flexible Ring Binders,Office Supplies
1409,FUR-CH-10002017,SAFCO Optional Arm Kit for Workspace Cribbage Stacking Chair,Furniture
1410,FUR-FU-10003829,Stackable Trays,Furniture
1411,OFF-PA-10000697,"TOPS Voice Message Log Book, Flash Format",Office Supplies
1412,OFF-AR-10004691,Boston 1730 StandUp Electric Pencil Sharpener,Office Supplies
1413,FUR-FU-10004270,"Executive Impressions 13"" Clairmont Wall Clock",Furniture
1414,OFF-BI-10000948,"GBC Laser Imprintable Binding System Covers, Desert Sand",Office Supplies
1415,OFF-PA-10000223,Xerox 2000,Office Supplies
1416,OFF-PA-10000062,Green Bar Computer Printout Paper,Office Supplies
1417,FUR-BO-10003404,"Global Adaptabilites Bookcase, Cherry/Storm Gray Finish",Furniture
1418,OFF-BI-10004233,"GBC Pre-Punched Binding Paper, Plastic, White, 8-1/2"" x 11""",Office Supplies
1419,TEC-PH-10002834,Google Nexus 5,Technology
1420,FUR-CH-10003761,Global Italian Leather Office Chair,Furniture
1421,OFF-PA-10004665,Advantus Motivational Note Cards,Office Supplies
1422,OFF-BI-10001196,"Avery Flip-Chart Easel Binder, Black",Office Supplies
1423,TEC-MA-10002981,I.R.I.S IRISCard Anywhere 5 Card Scanner,Technology
1424,TEC-PH-10003601,"Ativa D5772 2-Line 5.8GHz Digital Expandable Corded/Cordless Phone System with Answering & Caller ID/Call Waiting, Black/Silver",Technology
1425,OFF-BI-10002003,Ibico Presentation Index for Binding Systems,Office Supplies
1426,OFF-PA-10003016,"Adams ""While You Were Out"" Message Pads",Office Supplies
1427,OFF-PA-10002246,"Wirebound Four 2-3/4 x 5 Forms per Page, 400 Sets per Book",Office Supplies
1428,TEC-PH-10002890,AT&T 17929 Lendline Telephone,Technology
1429,TEC-MA-10003626,Hewlett-Packard Deskjet 6540 Color Inkjet Printer,Technology
1430,TEC-MA-10002412,Cisco TelePresence System EX90 Videoconferencing Unit,Technology
1431,OFF-AR-10003183,Avery Fluorescent Highlighter Four-Color Set,Office Supplies
1432,OFF-PA-10002319,Xerox 1944,Office Supplies
1433,OFF-PA-10001246,Xerox 215,Office Supplies
1434,OFF-PA-10001815,Xerox 1885,Office Supplies
1435,FUR-FU-10001876,"Computer Room Manger, 14""",Furniture
1436,TEC-PH-10004531,AT&T CL2909,Technology
1437,TEC-PH-10000673,Plantronics Voyager Pro HD - Bluetooth Headset,Technology
1438,TEC-PH-10002075,AT&T EL51110 DECT,Technology
1439,TEC-PH-10003691,BlackBerry Q10,Technology
1440,OFF-SU-10000157,Compact Automatic Electric Letter Opener,Office Supplies
1441,TEC-AC-10004227,SanDisk Ultra 16 GB MicroSDHC Class 10 Memory Card,Technology
1442,TEC-AC-10004127,SanDisk Cruzer 8 GB USB Flash Drive,Technology
1443,FUR-CH-10002758,"Hon Deluxe Fabric Upholstered Stacking Chairs, Squared Back",Furniture
1444,OFF-ST-10000532,Advantus Rolling Drawer Organizers,Office Supplies
1445,TEC-AC-10003709,Maxell 4.7GB DVD-R 5/Pack,Technology
1446,OFF-BI-10003166,GBC Plasticlear Binding Covers,Office Supplies
1447,OFF-ST-10004835,Plastic Stacking Crates & Casters,Office Supplies
1448,OFF-AP-10000159,Belkin F9M820V08 8 Outlet Surge,Office Supplies
1449,OFF-AP-10001242,APC 7 Outlet Network SurgeArrest Surge Protector,Office Supplies
1450,TEC-AC-10003433,Maxell 4.7GB DVD+R 5/Pack,Technology
1451,TEC-PH-10003187,Anker Astro Mini 3000mAh Ultra-Compact Portable Charger,Technology
1452,OFF-FA-10002763,Advantus Map Pennant Flags and Round Head Tacks,Office Supplies
1453,OFF-PA-10004239,Xerox 1953,Office Supplies
1454,OFF-PA-10004782,Xerox 228,Office Supplies
1455,FUR-FU-10001185,"Advantus Employee of the Month Certificate Frame, 11 x 13-1/2",Furniture
1456,OFF-PA-10003270,Xerox 1954,Office Supplies
1457,OFF-PA-10002421,Embossed Ink Jet Note Cards,Office Supplies
1458,OFF-PA-10002923,Xerox 1942,Office Supplies
1459,OFF-ST-10001128,"Carina Mini System Audio Rack, Model AR050B",Office Supplies
1460,OFF-PA-10000520,Xerox 201,Office Supplies
1461,FUR-FU-10003832,"Eldon Expressions Punched Metal & Wood Desk Accessories, Black & Cherry",Furniture
1462,FUR-FU-10000409,"GE 4 Foot Flourescent Tube, 40 Watt",Furniture
1463,TEC-PH-10004389,Nokia Lumia 925,Technology
1464,OFF-SU-10000946,Staple remover,Office Supplies
1465,FUR-FU-10001546,Dana Swing-Arm Lamps,Furniture
1466,OFF-PA-10000791,"Wirebound Message Books, Four 2 3/4 x 5 Forms per Page, 200 Sets per Book",Office Supplies
1467,OFF-PA-10003739,Xerox 1969,Office Supplies
1468,FUR-FU-10000771,"Eldon 200 Class Desk Accessories, Smoke",Furniture
1469,OFF-ST-10002615,"Dual Level, Single-Width Filing Carts",Office Supplies
1470,OFF-PA-10000327,Xerox 1971,Office Supplies
1471,OFF-EN-10003286,Staple envelope,Office Supplies
1472,OFF-AR-10003772,Boston 16750 Black Compact Battery Pencil Sharpener,Office Supplies
1473,OFF-AR-10003338,"Eberhard Faber 3 1/2"" Golf Pencils",Office Supplies
1474,FUR-FU-10002116,"Tenex Carpeted, Granite-Look or Clear Contemporary Contour Shape Chair Mats",Furniture
1475,FUR-CH-10000422,Global Highback Leather Tilter in Burgundy,Furniture
1476,FUR-FU-10002685,"Executive Impressions 13-1/2"" Indoor/Outdoor Wall Clock",Furniture
1477,FUR-FU-10004963,"Eldon 400 Class Desk Accessories, Black Carbon",Furniture
1478,OFF-BI-10000174,"Wilson Jones Clip & Carry Folder Binder Tool for Ring Binders, Clear",Office Supplies
1479,FUR-CH-10004875,Harbour Creations 67200 Series Stacking Chairs,Furniture
1480,FUR-FU-10000305,"Tenex V2T-RE Standard Weight Series Chair Mat, 45"" x 53"", Lip 25"" x 12""",Furniture
1481,TEC-PH-10001459,Samsung Galaxy Mega 6.3,Technology
1482,FUR-FU-10002445,"DAX Two-Tone Rosewood/Black Document Frame, Desktop, 5 x 7",Furniture
1483,OFF-PA-10000213,Xerox 198,Office Supplies
1484,FUR-CH-10001797,"Safco Chair Connectors, 6/Carton",Furniture
1485,OFF-PA-10003848,Xerox 1997,Office Supplies
1486,FUR-FU-10000755,Eldon Expressions Mahogany Wood Desk Collection,Furniture
1487,OFF-BI-10004654,VariCap6 Expandable Binder,Office Supplies
1488,FUR-FU-10000550,Stacking Trays by OIC,Furniture
1489,TEC-MA-10004521,Epson Perfection V600 Photo Scanner,Technology
1490,OFF-BI-10003655,Durable Pressboard Binders,Office Supplies
1491,OFF-AP-10003779,Kensington 7 Outlet MasterPiece Power Center with Fax/Phone Line Protection,Office Supplies
1492,OFF-FA-10002701,Alliance Rubber Bands,Office Supplies
1493,OFF-BI-10002799,"SlimView Poly Binder, 3/8""",Office Supplies
1494,OFF-AR-10003582,"Boston Electric Pencil Sharpener, Model 1818, Charcoal Black",Office Supplies
1495,FUR-FU-10004666,DAX Clear Channel Poster Frame,Furniture
1496,OFF-EN-10002312,#10 Self-Seal White Envelopes,Office Supplies
1497,FUR-CH-10002320,Hon Pagoda Stacking Chairs,Furniture
1498,OFF-AR-10001216,Newell 339,Office Supplies
1499,FUR-FU-10003247,36X48 HARDFLOOR CHAIRMAT,Furniture
1500,FUR-TA-10003837,Anderson Hickey Conga Table Tops & Accessories,Furniture
1501,TEC-PH-10002350,Apple EarPods with Remote and Mic,Technology
1502,TEC-AC-10000397,"Perixx PERIBOARD-512B, Ergonomic Split Keyboard",Technology
1503,TEC-AC-10004001,Logitech Wireless Headset H600 Over-The-Head Design,Technology
1504,OFF-PA-10001534,Xerox 230,Office Supplies
1505,FUR-FU-10002379,Eldon Econocleat Chair Mats for Low Pile Carpets,Furniture
1506,TEC-PH-10000526,Vtech CS6719,Technology
1507,OFF-PA-10001977,Xerox 194,Office Supplies
1508,FUR-BO-10003660,"Bush Cubix Collection Bookcases, Fully Assembled",Furniture
1509,OFF-BI-10001267,"Universal Recycled Hanging Pressboard Report Binders, Letter Size",Office Supplies
1510,OFF-PA-10002741,Xerox 1980,Office Supplies
1511,OFF-PA-10001471,Strathmore Photo Frame Cards,Office Supplies
1512,TEC-MA-10001972,Okidata C331dn Printer,Technology
1513,FUR-FU-10003464,"Seth Thomas 8 1/2"" Cubicle Clock",Furniture
1514,TEC-PH-10002200,Aastra 6757i CT Wireless VoIP phone,Technology
1515,OFF-PA-10004438,Xerox 1907,Office Supplies
1516,FUR-FU-10004586,G.E. Longer-Life Indoor Recessed Floodlight Bulbs,Furniture
1517,TEC-PH-10004908,Panasonic KX TS3282W Corded phone,Technology
1518,FUR-CH-10004495,"Global Leather and Oak Executive Chair, Black",Furniture
1519,TEC-MA-10000418,Cubify CubeX 3D Printer Double Head Print,Technology
1520,OFF-BI-10004600,Ibico Ibimaster 300 Manual Binding System,Office Supplies
1521,OFF-BI-10004040,Wilson Jones Impact Binders,Office Supplies
1522,OFF-AR-10001615,Newell 34,Office Supplies
1523,TEC-PH-10001299,Polycom CX300 Desktop Phone USB VoIP phone,Technology
1524,OFF-AR-10004260,Boston 1799 Powerhouse Electric Pencil Sharpener,Office Supplies
1525,OFF-EN-10004773,Staple envelope,Office Supplies
1526,OFF-BI-10001787,Wilson Jones Four-Pocket Poly Binders,Office Supplies
1527,OFF-ST-10002957,Sterilite Show Offs Storage Containers,Office Supplies
1528,OFF-FA-10001883,"Alliance Super-Size Bands, Assorted Sizes",Office Supplies
1529,TEC-PH-10001644,"BlueLounge Milo Smartphone Stand, White/Metallic",Technology
1530,OFF-LA-10000407,Avery White Multi-Purpose Labels,Office Supplies
1531,TEC-AC-10000420,Logitech G500s Laser Gaming Mouse with Adjustable Weight Tuning,Technology
1532,OFF-EN-10004846,Letter or Legal Size Expandable Poly String Tie Envelopes,Office Supplies
1533,OFF-SU-10003567,Stiletto Hand Letter Openers,Office Supplies
1534,OFF-ST-10002301,Tennsco Commercial Shelving,Office Supplies
1535,TEC-PH-10003095,Samsung HM1900 Bluetooth Headset,Technology
1536,TEC-PH-10004912,Cisco SPA112 2 Port Phone Adapter,Technology
1537,OFF-AR-10000799,Col-Erase Pencils with Erasers,Office Supplies
1538,OFF-PA-10004609,Xerox 221,Office Supplies
1539,TEC-PH-10003171,Plantronics Encore H101 Dual Earpieces Headset,Technology
1540,OFF-AP-10000595,Disposable Triple-Filter Dust Bags,Office Supplies
1541,TEC-AC-10003399,Memorex Mini Travel Drive 64 GB USB 2.0 Flash Drive,Technology
1542,TEC-MA-10002428,Fellowes Powershred HS-440 4-Sheet High Security Shredder,Technology
1543,TEC-PH-10001128,Motorola Droid Maxx,Technology
1544,OFF-PA-10001033,Xerox 1893,Office Supplies
1545,TEC-AC-10000474,Kensington Expert Mouse Optical USB Trackball for PC or Mac,Technology
1546,FUR-FU-10002963,"Master Caster Door Stop, Gray",Furniture
1547,FUR-FU-10000193,Tenex Chairmats For Use with Hard Floors,Furniture
1548,OFF-BI-10000962,"Acco Flexible ACCOHIDE Square Ring Data Binder, Dark Blue, 11 1/2"" X 14"" 7/8""",Office Supplies
1549,OFF-AP-10002867,Fellowes Command Center 5-outlet power strip,Office Supplies
1550,FUR-BO-10002916,"Rush Hierlooms Collection 1"" Thick Stackable Bookcases",Furniture
1551,FUR-TA-10004152,"Barricks 18"" x 48"" Non-Folding Utility Table with Bottom Storage Shelf",Furniture
1552,FUR-FU-10000672,"Executive Impressions 10"" Spectator Wall Clock",Furniture
1553,FUR-BO-10002598,"Hon Metal Bookcases, Putty",Furniture
1554,OFF-ST-10004950,"Tenex Personal Filing Tote With Secure Closure Lid, Black/Frost",Office Supplies
1555,OFF-PA-10004610,Xerox 1900,Office Supplies
1556,FUR-FU-10000320,OIC Stacking Trays,Furniture
1557,FUR-CH-10003535,"Global Armless Task Chair, Royal Blue",Furniture
1558,FUR-FU-10003919,Eldon Executive Woodline II Cherry Finish Desk Accessories,Furniture
1559,OFF-PA-10000174,"Message Book, Wirebound, Four 5 1/2"" X 4"" Forms/Pg., 200 Dupl. Sets/Book",Office Supplies
1560,FUR-FU-10002703,"Tenex Traditional Chairmats for Hard Floors, Average Lip, 36"" x 48""",Furniture
1561,TEC-PH-10002415,Polycom VoiceStation 500 Conference phone,Technology
1562,OFF-AR-10000657,"Binney & Smith inkTank Desk Highlighter, Chisel Tip, Yellow, 12/Box",Office Supplies
1563,OFF-PA-10004996,"Speediset Carbonless Redi-Letter 7"" x 8 1/2""",Office Supplies
1564,OFF-PA-10003363,Xerox 204,Office Supplies
1565,TEC-AC-10002305,KeyTronic E03601U1 - Keyboard - Beige,Technology
1566,TEC-AC-10000990,Imation Bio 2GB USB Flash Drive Imation Corp,Technology
1567,FUR-BO-10001608,"Hon Metal Bookcases, Black",Furniture
1568,FUR-BO-10000112,"Bush Birmingham Collection Bookcase, Dark Cherry",Furniture
1569,TEC-PH-10004120,AT&T 1080 Phone,Technology
1570,OFF-BI-10003476,Avery Metallic Poly Binders,Office Supplies
1571,TEC-MA-10002859,Ativa MDM8000 8-Sheet Micro-Cut Shredder,Technology
1572,OFF-AP-10001947,Acco 6 Outlet Guardian Premium Plus Surge Suppressor,Office Supplies
1573,OFF-LA-10001982,Smead Alpha-Z Color-Coded Name Labels First Letter Starter Set,Office Supplies
1574,TEC-PH-10003484,Ooma Telo VoIP Home Phone System,Technology
1575,OFF-PA-10000007,"Telephone Message Books with Fax/Mobile Section, 4 1/4"" x 6""",Office Supplies
1576,OFF-PA-10000552,Xerox 200,Office Supplies
1577,TEC-MA-10001148,Okidata MB491 Multifunction Printer,Technology
1578,OFF-AR-10004062,Staples in misc. colors,Office Supplies
1579,OFF-ST-10000321,Akro Stacking Bins,Office Supplies
1580,OFF-AR-10001149,"Avery Hi-Liter Comfort Grip Fluorescent Highlighter, Yellow Ink",Office Supplies
1581,TEC-AC-10002134,Rosewill 107 Normal Keys USB Wired Standard Keyboard,Technology
1582,TEC-PH-10004071,PayAnywhere Card Reader,Technology
1583,OFF-PA-10004039,Xerox 1882,Office Supplies
1584,TEC-AC-10002550,"Memorex 25GB 6X Branded Blu-Ray Recordable Disc, 30/Pack",Technology
1585,OFF-AR-10001725,Boston Home & Office Model 2000 Electric Pencil Sharpeners,Office Supplies
1586,OFF-AR-10004269,Newell 31,Office Supplies
1587,OFF-BI-10003007,"Premium Transparent Presentation Covers, No Pattern/Clear, 8 1/2"" x 11""",Office Supplies
1588,OFF-PA-10002195,Xerox 1966,Office Supplies
1589,OFF-SU-10002522,Acme Kleen Earth Office Shears,Office Supplies
1590,TEC-AC-10004859,"Maxell Pro 80 Minute CD-R, 10/Pack",Technology
1591,TEC-AC-10002558,Imation Swivel Flash Drive USB flash drive - 8 GB,Technology
1592,FUR-FU-10001731,Acrylic Self-Standing Desk Frames,Furniture
1593,OFF-SU-10004782,"Elite 5"" Scissors",Office Supplies
1594,OFF-SU-10000432,Acco Side-Punched Conventional Columnar Pads,Office Supplies
1595,OFF-LA-10004409,Avery 492,Office Supplies
1596,OFF-ST-10001031,Adjustable Personal File Tote,Office Supplies
1597,OFF-LA-10000476,"Avery 05222 Permanent Self-Adhesive File Folder Labels for Typewriters, on Rolls, White, 250/Roll",Office Supplies
1598,OFF-AR-10002987,Prismacolor Color Pencil Set,Office Supplies
1599,TEC-CO-10001571,Sharp 1540cs Digital Laser Copier,Technology
1600,FUR-FU-10003026,"Eldon Regeneration Recycled Desk Accessories, Black",Furniture
1601,OFF-ST-10001034,Eldon File Chest Portable File,Office Supplies
1602,TEC-AC-10000521,"Verbatim Slim CD and DVD Storage Cases, 50/Pack",Technology
1603,OFF-SU-10003002,Letter Slitter,Office Supplies
1604,TEC-PH-10000730,Samsung Galaxy S4 Active,Technology
1605,FUR-CH-10004983,Office Star - Mid Back Dual function Ergonomic High Back Chair with 2-Way Adjustable Arms,Furniture
1606,OFF-FA-10001332,"Acco Banker's Clasps, 5 3/4""-Long",Office Supplies
1607,TEC-AC-10001874,Logitech Wireless Anywhere Mouse MX for PC and Mac,Technology
1608,OFF-BI-10000494,Acco Economy Flexible Poly Round Ring Binder,Office Supplies
1609,FUR-TA-10003469,Balt Split Level Computer Training Table,Furniture
1610,OFF-AR-10003179,Dixon Ticonderoga Core-Lock Colored Pencils,Office Supplies
1611,FUR-CH-10003606,SAFCO Folding Chair Trolley,Furniture
1612,FUR-CH-10003298,"Office Star - Contemporary Task Swivel chair with Loop Arms, Charcoal",Furniture
1613,OFF-LA-10003537,Avery 515,Office Supplies
1614,OFF-PA-10000069,"TOPS 4 x 6 Fluorescent Color Memo Sheets, 500 Sheets per Pack",Office Supplies
1615,FUR-FU-10004017,"Executive Impressions 13"" Chairman Wall Clock",Furniture
1616,OFF-PA-10004733,Things To Do Today Spiral Book,Office Supplies
1617,TEC-AC-10004814,Logitech Illuminated Ultrathin Keyboard with Backlighting,Technology
1618,OFF-SU-10002301,Serrated Blade or Curved Handle Hand Letter Openers,Office Supplies
1619,OFF-BI-10004318,Ibico EB-19 Dual Function Manual Binding System,Office Supplies
1620,FUR-FU-10004164,"Eldon 300 Class Desk Accessories, Black",Furniture
1621,TEC-AC-10001539,Logitech G430 Surround Sound Gaming Headset with Dolby 7.1 Technology,Technology
1622,TEC-PH-10002789,LG Exalt,Technology
1623,OFF-BI-10004828,GBC Poly Designer Binding Covers,Office Supplies
1624,OFF-AR-10001770,Economy #2 Pencils,Office Supplies
1625,FUR-FU-10004904,"Eldon ""L"" Workstation Diamond Chairmat",Furniture
1626,FUR-FU-10002396,"DAX Copper Panel Document Frame, 5 x 7 Size",Furniture
1627,TEC-AC-10002331,"Maxell 74 Minute CDR, 10/Pack",Technology
1628,TEC-AC-10001090,Micro Innovations Wireless Classic Keyboard with Mouse,Technology
1629,FUR-BO-10004218,"Bush Heritage Pine Collection 5-Shelf Bookcase, Albany Pine Finish, *Special Order",Furniture
1630,TEC-PH-10001619,LG G3,Technology
1631,OFF-PA-10000246,Riverleaf Stik-Withit Designer Note Cubes,Office Supplies
1632,OFF-PA-10001461,HP Office Paper (20Lb. and 87 Bright),Office Supplies
1633,OFF-AR-10004165,"Binney & Smith inkTank Erasable Pocket Highlighter, Chisel Tip, Yellow",Office Supplies
1634,OFF-EN-10001028,Staple envelope,Office Supplies
1635,TEC-PH-10003535,RCA ViSYS 25423RE1 Corded phone,Technology
1636,FUR-FU-10001085,3M Polarizing Light Filter Sleeves,Furniture
1637,OFF-AR-10003481,Newell 348,Office Supplies
1638,OFF-PA-10002606,Xerox 1928,Office Supplies
1639,FUR-FU-10003731,"Eldon Expressions Wood and Plastic Desk Accessories, Oak",Furniture
1640,OFF-AP-10001962,Black & Decker Filter for Double Action Dustbuster Cordless Vac BLDV7210,Office Supplies
1641,FUR-FU-10003798,"Ultra Door Kickplate, 8""H x 34""W",Furniture
1642,OFF-AR-10002704,Boston 1900 Electric Pencil Sharpener,Office Supplies
1643,TEC-AC-10002942,WD My Passport Ultra 1TB Portable External Hard Drive,Technology
1644,TEC-MA-10001016,Canon PC170 Desktop Personal Copier,Technology
1645,TEC-AC-10001553,"Memorex 25GB 6X Branded Blu-Ray Recordable Disc, 15/Pack",Technology
1646,FUR-FU-10001215,"Howard Miller 11-1/2"" Diameter Brentwood Wall Clock",Furniture
1647,OFF-PA-10002499,Xerox 1890,Office Supplies
1648,TEC-PH-10003215,Jackery Bar Premium Fast-charging Portable Charger,Technology
1649,OFF-LA-10002945,"Permanent Self-Adhesive File Folder Labels for Typewriters, 1 1/8 x 3 1/2, White",Office Supplies
1650,OFF-AR-10002766,Prang Drawing Pencil Set,Office Supplies
1651,TEC-PH-10004434,Cisco IP Phone 7961G VoIP phone - Dark gray,Technology
1652,FUR-BO-10000711,"Hon Metal Bookcases, Gray",Furniture
1653,OFF-BI-10001120,Ibico EPK-21 Electric Binding System,Office Supplies
1654,OFF-AP-10004655,"Holmes Visible Mist Ultrasonic Humidifier with 2.3-Gallon Output per Day, Replacement Filter",Office Supplies
1655,FUR-BO-10004360,Rush Hierlooms Collection Rich Wood Bookcases,Furniture
1656,TEC-AC-10000199,Kingston Digital DataTraveler 8GB USB 2.0,Technology
1657,TEC-MA-10001127,"HP Designjet T520 Inkjet Large Format Printer - 24"" Color",Technology
1658,OFF-AR-10001227,Newell 338,Office Supplies
1659,FUR-CH-10000229,Global Enterprise Series Seating High-Back Swivel/Tilt Chairs,Furniture
1660,FUR-BO-10002853,O'Sullivan 5-Shelf Heavy-Duty Bookcases,Furniture
1661,OFF-PA-10004022,Hammermill Color Copier Paper (28Lb. and 96 Bright),Office Supplies
1662,OFF-PA-10004248,Xerox 1990,Office Supplies
1663,OFF-PA-10001363,Xerox 1933,Office Supplies
1664,OFF-BI-10003876,"Green Canvas Binder for 8-1/2"" x 14"" Sheets",Office Supplies
1665,OFF-EN-10004007,Park Ridge Embossed Executive Business Envelopes,Office Supplies
1666,FUR-BO-10003894,"Safco Value Mate Steel Bookcase, Baked Enamel Finish on Steel, Black",Furniture
1667,TEC-MA-10001570,Cisco Desktop Collaboration Experience DX650 IP Video Phone,Technology
1668,FUR-FU-10003930,Howard Miller 12-3/4 Diameter Accuwave DS  Wall Clock,Furniture
1669,OFF-PA-10000232,Xerox 1975,Office Supplies
1670,OFF-AR-10001972,Newell 323,Office Supplies
1671,OFF-AR-10004587,"Boston 1827 Commercial Additional Cutter, Drive Gear & Gear Rack for 1606",Office Supplies
1672,OFF-AP-10001366,Staple holder,Office Supplies
1673,OFF-BI-10000216,"Mead 1st Gear 2"" Zipper Binder, Asst. Colors",Office Supplies
1674,TEC-MA-10001047,"3D Systems Cube Printer, 2nd Generation, Magenta",Technology
1675,OFF-LA-10003720,Avery 487,Office Supplies
1676,TEC-MA-10003246,Hewlett-Packard Deskjet D4360 Printer,Technology
1677,FUR-FU-10000175,DAX Wood Document Frame.,Furniture
1678,OFF-PA-10000556,Xerox 208,Office Supplies
1679,TEC-AC-10003237,Memorex Micro Travel Drive 4 GB,Technology
1680,OFF-EN-10003068,#6 3/4 Gummed Flap White Envelopes,Office Supplies
1681,FUR-FU-10004053,DAX Two-Tone Silver Metal Document Frame,Furniture
1682,OFF-PA-10000565,Easy-staple paper,Office Supplies
1683,OFF-LA-10000414,Avery 503,Office Supplies
1684,OFF-AP-10002998,Holmes 99% HEPA Air Purifier,Office Supplies
1685,FUR-BO-10004690,O'Sullivan Cherrywood Estates Traditional Barrister Bookcase,Furniture
1686,OFF-AR-10002445,SANFORD Major Accent Highlighters,Office Supplies
1687,FUR-BO-10003546,Hon 4-Shelf Metal Bookcases,Furniture
1688,FUR-TA-10003392,Global Adaptabilities Conference Tables,Furniture
1689,OFF-AR-10003217,Newell 316,Office Supplies
1690,OFF-ST-10001932,Fellowes Staxonsteel Drawer Files,Office Supplies
1691,OFF-AR-10001761,Avery Hi-Liter Smear-Safe Highlighters,Office Supplies
1692,OFF-EN-10003567,"Inter-Office Recycled Envelopes, Brown Kraft, Button-String,10"" x 13"" , 100/Box",Office Supplies
1693,OFF-PA-10003022,Xerox 1992,Office Supplies
1694,FUR-TA-10004442,Riverside Furniture Stanwyck Manor Table Series,Furniture
1695,OFF-ST-10000129,Fellowes Recycled Storage Drawers,Office Supplies
1696,OFF-PA-10004948,Xerox 190,Office Supplies
1697,OFF-PA-10001725,Xerox 1892,Office Supplies
1698,TEC-PH-10000213,Seidio BD2-HK3IPH5-BK DILEX Case and Holster Combo for Apple iPhone 5/5s - Black,Technology
1699,OFF-PA-10000807,"TOPS ""Important Message"" Pads, Canary, 4-1/4 x 5-1/2, 50 Sheets per Pad",Office Supplies
1700,OFF-ST-10003805,"24 Capacity Maxi Data Binder Racks, Pearl",Office Supplies
1701,OFF-PA-10004353,Southworth 25% Cotton Premium Laser Paper and Envelopes,Office Supplies
1702,OFF-EN-10004206,Multimedia Mailers,Office Supplies
1703,OFF-LA-10003388,Avery 5,Office Supplies
1704,TEC-PH-10000193,Jensen SMPS-640 - speaker phone,Technology
1705,FUR-FU-10002111,"Master Caster Door Stop, Large Brown",Furniture
1706,OFF-ST-10000885,Fellowes Desktop Hanging File Manager,Office Supplies
1707,OFF-PA-10002709,Xerox 1956,Office Supplies
1708,FUR-FU-10003424,Nu-Dell Oak Frame,Furniture
1709,OFF-BI-10003718,GBC Therma-A-Bind 250T Electric Binding System,Office Supplies
1710,FUR-FU-10002508,Document Clip Frames,Furniture
1711,OFF-AP-10004052,"Hoover Replacement Belts For Soft Guard & Commercial Ltweight Upright Vacs, 2/Pk",Office Supplies
1712,OFF-PA-10003134,Xerox 1937,Office Supplies
1713,FUR-FU-10000719,"DAX Cubicle Frames, 8-1/2 x 11",Furniture
1714,FUR-BO-10003893,Sauder Camden County Collection Library,Furniture
1715,TEC-CO-10001943,Canon PC-428 Personal Copier,Technology
1716,FUR-CH-10000749,Office Star - Ergonomic Mid Back Chair with 2-Way Adjustable Arms,Furniture
1717,OFF-PA-10003228,Xerox 1917,Office Supplies
1718,TEC-AC-10001542,SanDisk Cruzer 16 GB USB Flash Drive,Technology
1719,TEC-AC-10004877,Imation 30456 USB Flash Drive 8GB,Technology
1720,TEC-PH-10001305,Panasonic KX TS208W Corded phone,Technology
1721,OFF-PA-10000483,Xerox 19,Office Supplies
1722,TEC-AC-10000487,SanDisk Cruzer 4 GB USB Flash Drive,Technology
1723,TEC-AC-10002018,AmazonBasics 3-Button USB Wired Mouse,Technology
1724,OFF-PA-10004381,14-7/8 x 11 Blue Bar Computer Printout Paper,Office Supplies
1725,OFF-EN-10001453,"Tyvek Interoffice Envelopes, 9 1/2"" x 12 1/2"", 100/Box",Office Supplies
1726,OFF-SU-10001212,Kleencut Forged Office Shears by Acme United Corporation,Office Supplies
1727,OFF-BI-10000201,"Avery Triangle Shaped Sheet Lifters, Black, 2/Pack",Office Supplies
1728,TEC-AC-10004396,Logitech Keyboard K120,Technology
1729,OFF-PA-10001166,Xerox 1932,Office Supplies
1730,OFF-AR-10002467,Dixon Ticonderoga Pencils,Office Supplies
1731,FUR-FU-10002813,"DAX Contemporary Wood Frame with Silver Metal Mat, Desktop, 11 x 14 Size",Furniture
1732,TEC-MA-10000752,Texas Instrument TI-15 Fraction Calculator,Technology
1733,FUR-FU-10004845,"Deflect-o EconoMat Nonstudded, No Bevel Mat",Furniture
1734,OFF-FA-10000840,OIC Thumb-Tacks,Office Supplies
1735,OFF-AR-10001231,"Sanford EarthWrite Recycled Pencils, Medium Soft, #2",Office Supplies
1736,TEC-PH-10004875,PNY Rapid USB Car Charger - Black,Technology
1737,FUR-CH-10001802,Hon Every-Day Chair Series Swivel Task Chairs,Furniture
1738,TEC-PH-10003356,"SmartStand Mobile Device Holder, Assorted Colors",Technology
1739,OFF-AP-10002670,Belkin 8-Outlet Premiere SurgeMaster II Surge Protectors,Office Supplies
1740,OFF-FA-10003485,Staples,Office Supplies
1741,OFF-AP-10000390,Euro Pro Shark Stick Mini Vacuum,Office Supplies
1742,OFF-PA-10002764,Easy-staple paper,Office Supplies
1743,OFF-PA-10000143,Astroparche Fine Business Paper,Office Supplies
1744,TEC-MA-10000045,Zebra ZM400 Thermal Label Printer,Technology
1745,OFF-ST-10000136,Letter Size File,Office Supplies
1746,TEC-PH-10004522,Dexim XPower Skin Super-Thin Power Case for iPhone 5 - Black,Technology
1747,TEC-PH-10002584,Samsung Galaxy S4,Technology
1748,FUR-CH-10004626,Office Star Flex Back Scooter Chair with Aluminum Finish Frame,Furniture
1749,TEC-PH-10000562,Samsung Convoy 3,Technology
1750,FUR-FU-10001025,"Eldon Im ge Series Desk Accessories, Clear",Furniture
1751,OFF-LA-10004178,Avery 491,Office Supplies
1752,OFF-PA-10003797,Xerox 209,Office Supplies
1753,OFF-EN-10003448,"Peel & Seel Recycled Catalog Envelopes, Brown",Office Supplies
1754,OFF-AP-10000938,Avanti 1.7 Cu. Ft. Refrigerator,Office Supplies
1755,OFF-SU-10004737,Acme Design Stainless Steel Bent Scissors,Office Supplies
1756,FUR-TA-10001691,"Barricks Non-Folding Utility Table with Steel Legs, Laminate Tops",Furniture
1757,TEC-MA-10003173,Hewlett-Packard 300S Scientific Calculator,Technology
1758,OFF-LA-10000305,Avery 495,Office Supplies
1759,TEC-PH-10002583,iOttie HLCRIO102 Car Mount,Technology
1760,OFF-AR-10003876,"Avery Hi-Liter GlideStik Fluorescent Highlighter, Yellow Ink",Office Supplies
1761,FUR-FU-10004864,Eldon 500 Class Desk Accessories,Furniture
1762,OFF-PA-10003063,EcoTones Memo Sheets,Office Supplies
1763,OFF-PA-10003302,Xerox 1906,Office Supplies
1764,TEC-MA-10000423,Texas Instruments TI-34 Scientific Calculator,Technology
1765,OFF-PA-10003022,Standard Line  While You Were Out  Hardbound Telephone Message Book,Office Supplies
1766,TEC-AC-10004992,Kingston Digital DataTraveler 64GB USB 2.0,Technology
1767,OFF-BI-10004099,GBC VeloBinder Strips,Office Supplies
1768,OFF-PA-10001215,Xerox 1963,Office Supplies
1769,TEC-AC-10003870,Logitech Z-906 Speaker sys - home theater - 5.1-CH,Technology
1770,OFF-AP-10000275,"Sanyo Counter Height Refrigerator with Crisper, 3.6 Cubic Foot, Stainless Steel/Black",Office Supplies
1771,FUR-FU-10003192,Luxo Adjustable Task Clamp Lamp,Furniture
1772,OFF-PA-10000859,Unpadded Memo Slips,Office Supplies
1773,OFF-AR-10000614,Barrel Sharpener,Office Supplies
1774,OFF-FA-10000089,Acco Glide Clips,Office Supplies
1775,FUR-TA-10001771,"Bush Cubix Conference Tables, Fully Assembled",Furniture
1776,FUR-CH-10002044,"Office Star - Contemporary Task Swivel chair with 2-way adjustable arms, Plum",Furniture
1777,TEC-PH-10001795,RCA H5401RE1 DECT 6.0 4-Line Cordless Handset With Caller ID/Call Waiting,Technology
1778,FUR-TA-10001086,"SAFCO PlanMaster Boards, 60w x 37-1/2d, White Melamine",Furniture
1779,OFF-PA-10000048,Xerox 20,Office Supplies
1780,TEC-MA-10002109,"HP Officejet Pro 8600 e-All-In-One Printer, Copier, Scanner, Fax",Technology
1781,OFF-PA-10003036,"Black Print Carbonless 8 1/2"" x 8 1/4"" Rapid Memo Book",Office Supplies
1782,TEC-PH-10001870,Lunatik TT5L-002 Taktik Strike Impact Protection System for iPhone 5,Technology
1783,OFF-ST-10002182,"Iris 3-Drawer Stacking Bin, Black",Office Supplies
1784,TEC-PH-10001468,Panasonic Business Telephones KX-T7736,Technology
1785,OFF-AR-10004010,Hunt Boston Vacuum Mount KS Pencil Sharpener,Office Supplies
1786,OFF-ST-10003572,Portfile Personal File Boxes,Office Supplies
1787,OFF-ST-10003994,"Belkin 19"" Center-Weighted Shelf, Gray",Office Supplies
1788,FUR-CH-10001545,Hon Comfortask Task/Swivel Chairs,Furniture
1789,FUR-FU-10004245,"Career Cubicle Clock, 8 1/4"", Black",Furniture
1790,OFF-EN-10002592,"Peel & Seel Recycled Catalog Envelopes, Brown",Office Supplies
1791,OFF-AR-10000914,Boston 16765 Mini Stand Up Battery Pencil Sharpener,Office Supplies
1792,OFF-LA-10003498,Avery 475,Office Supplies
1793,TEC-MA-10003329,"Vtech AT&T CL2940 Corded Speakerphone, Black",Technology
1794,FUR-FU-10000747,Tenex B1-RE Series Chair Mats for Low Pile Carpets,Furniture
1795,TEC-PH-10004100,Griffin GC17055 Auxiliary Audio Cable,Technology
1796,OFF-ST-10000636,Rogers Profile Extra Capacity Storage Tub,Office Supplies
1797,TEC-PH-10003174,RCA ViSYS 25825 Wireless digital phone,Technology
1798,OFF-PA-10001497,Xerox 1914,Office Supplies
1799,OFF-PA-10001952,Xerox 1902,Office Supplies
1800,OFF-SU-10004661,Acme Titanium Bonded Scissors,Office Supplies
1801,OFF-BI-10002026,Ibico Recycled Linen-Style Covers,Office Supplies
1802,OFF-PA-10001826,Xerox 207,Office Supplies
1803,TEC-MA-10001031,Socket Bluetooth Cordless Hand Scanner (CHS),Technology
1804,TEC-MA-10003176,Okidata B400 Printer,Technology
1805,TEC-AC-10002647,"Logitech Wireless Boombox Speaker - portable - wireless, wired",Technology
1806,TEC-PH-10002114,Xiaomi Mi3,Technology
1807,OFF-PA-10001593,Xerox 1947,Office Supplies
1808,TEC-AC-10004803,Sony Micro Vault Click 4 GB USB 2.0 Flash Drive,Technology
1809,OFF-PA-10001801,Xerox 193,Office Supplies
1810,TEC-PH-10000127,iOttie XL Car Mount,Technology
1811,OFF-AP-10001564,Hoover Commercial Lightweight Upright Vacuum with E-Z Empty Dirt Cup,Office Supplies
1812,TEC-AC-10004595,First Data TMFD35 PIN Pad,Technology
1813,FUR-FU-10002874,Ultra Commercial Grade Dual Valve Door Closer,Furniture
1814,FUR-FU-10003489,Contemporary Borderless Frame,Furniture
1815,TEC-MA-10002073,"3D Systems Cube Printer, 2nd Generation, White",Technology
1816,TEC-PH-10004006,Panasonic KX - TS880B Telephone,Technology
1817,OFF-BI-10000279,"Acco Recycled 2"" Capacity Laser Printer Hanging Data Binders",Office Supplies
1818,OFF-PA-10000300,Xerox 1936,Office Supplies
1819,OFF-BI-10004308,Avery Legal 4-Ring Binder,Office Supplies
1820,TEC-PH-10004080,Avaya 5410 Digital phone,Technology
1821,OFF-PA-10001260,"TOPS Money Receipt Book, Consecutively Numbered in Red,",Office Supplies
1822,OFF-ST-10004946,Desktop 3-Pocket Hot File,Office Supplies
1823,OFF-PA-10002109,Wirebound Voice Message Log Book,Office Supplies
1824,TEC-MA-10004255,Konica Minolta magicolor 1690MF Multifunction Printer,Technology
1825,FUR-FU-10003095,"Linden 12"" Wall Clock With Oak Frame",Furniture
1826,FUR-FU-10000820,Tensor Brushed Steel Torchiere Floor Lamp,Furniture
1827,TEC-MA-10002930,Ricoh - Ink Collector Unit for GX3000 Series Printers,Technology
1828,OFF-PA-10003205,"Wirebound Message Forms, Four 2 3/4 x 5 Forms per Page, Pink Paper",Office Supplies
1829,OFF-LA-10002368,Avery 479,Office Supplies
1830,TEC-MA-10003230,Okidata C610n Printer,Technology
1831,OFF-PA-10000295,Xerox 229,Office Supplies
1832,OFF-SU-10004884,Acme Galleria Hot Forged Steel Scissors with Colored Handles,Office Supplies
1833,FUR-FU-10002240,Nu-Dell EZ-Mount Plastic Wall Frames,Furniture
1834,FUR-FU-10001057,Tensor Track Tree Floor Lamp,Furniture
1835,FUR-CH-10002073,Hon Olson Stacker Chairs,Furniture
1836,OFF-AP-10003278,Belkin 7-Outlet SurgeMaster Home Series,Office Supplies
1837,TEC-PH-10002070,Griffin GC36547 PowerJolt SE Lightning Charger,Technology
1838,FUR-FU-10000277,Deflect-o DuraMat Antistatic Studded Beveled Mat for Medium Pile Carpeting,Furniture
1839,TEC-AC-10004420,Cherry 142-key Programmable Keyboard,Technology
1840,TEC-PH-10004094,Motorola L703CM,Technology
1841,TEC-MA-10002790,NeatDesk Desktop Scanner & Digital Filing System,Technology
1842,OFF-AP-10001634,Hoover Commercial Lightweight Upright Vacuum,Office Supplies
1843,OFF-PA-10001837,Xerox 1976,Office Supplies
1844,OFF-AR-10003896,"Stride Job 150 Highlighters, Chisel Tip, Assorted Colors",Office Supplies
1845,OFF-BI-10002897,"Black Avery Memo-Size 3-Ring Binder, 5 1/2"" x 8 1/2""",Office Supplies
1846,OFF-PA-10001243,Xerox 1983,Office Supplies
1847,FUR-FU-10003806,"Tenex Chairmat w/ Average Lip, 45"" x 53""",Furniture
1848,TEC-MA-10000904,"Brother MFC-9340CDW LED All-In-One Printer, Copier Scanner",Technology
1849,OFF-LA-10002473,Avery 484,Office Supplies
1850,FUR-FU-10003374,Electrix Fluorescent Magnifier Lamps & Weighted Base,Furniture
1851,TEC-MA-10001856,Okidata C610n Printer,Technology
1852,OFF-ST-10003641,Space Solutions Industrial Galvanized Steel Shelving.,Office Supplies
1853,OFF-AR-10004707,Staples in misc. colors,Office Supplies
1854,TEC-MA-10004086,Plantronics Single Ear Headset,Technology
1855,TEC-MA-10001695,Zebra GK420t Direct Thermal/Thermal Transfer Printer,Technology
1856,FUR-FU-10002506,"Tensor ""Hersey Kiss"" Styled Floor Lamp",Furniture
1857,TEC-AC-10004518,Memorex Mini Travel Drive 32 GB USB 2.0 Flash Drive,Technology
1858,OFF-AP-10000027,Hoover Commercial SteamVac,Office Supplies
1859,OFF-PA-10002558,Xerox 1938,Office Supplies
1860,TEC-AC-10000926,NETGEAR RangeMax WNR1000 Wireless Router,Technology
1861,OFF-PA-10001846,Xerox 1899,Office Supplies
1862,TEC-MA-10003673,Hewlett-Packard Desktjet 6988DT Refurbished Printer,Technology
1863,FUR-BO-10001567,"Bush Westfield Collection Bookcases, Dark Cherry Finish, Fully Assembled",Furniture
1864,FUR-FU-10001379,"Executive Impressions 16-1/2"" Circular Wall Clock",Furniture
1865,TEC-MA-10000984,Okidata MB760 Printer,Technology
1866,OFF-AR-10000937,"Dixon Ticonderoga Core-Lock Colored Pencils, 48-Color Set",Office Supplies
1867,FUR-FU-10002030,"Executive Impressions 14"" Contract Wall Clock with Quartz Movement",Furniture
1868,OFF-FA-10000254,Sterling Rubber Bands by Alliance,Office Supplies
1869,OFF-AP-10004136,Kensington 6 Outlet SmartSocket Surge Protector,Office Supplies
1870,TEC-AC-10002370,Maxell CD-R Discs,Technology
1871,OFF-AR-10003986,Avery Hi-Liter Pen Style Six-Color Fluorescent Set,Office Supplies
1872,OFF-SU-10004290,"Acme Design Line 8"" Stainless Steel Bent Scissors w/Champagne Handles, 3-1/8"" Cut",Office Supplies
1873,TEC-MA-10004552,Star Micronics TSP100 TSP143LAN Receipt Printer,Technology
1874,OFF-PA-10000312,Xerox 1955,Office Supplies
1875,OFF-PA-10001001,"Snap-A-Way Black Print Carbonless Speed Message, No Reply Area, Duplicate",Office Supplies
1876,OFF-PA-10001583,"1/4 Fold Party Design Invitations & White Envelopes, 24 8-1/2"" X 11"" Cards, 25 Env./Pack",Office Supplies
1877,TEC-MA-10002694,Hewlett-Packard Deskjet F4180 All-in-One Color Ink-jet - Printer / copier / scanner,Technology
1878,TEC-MA-10004626,Lexmark 20R1285 X6650 Wireless All-in-One Printer,Technology
1879,TEC-PH-10004241,Nokia Lumia 1020,Technology
1880,OFF-SU-10003936,Acme Serrated Blade Letter Opener,Office Supplies
1881,TEC-MA-10003337,Okidata B401 Printer,Technology
1882,OFF-PA-10000210,Xerox Blank Computer Paper,Office Supplies
1883,OFF-AR-10003477,4009 Highlighters,Office Supplies
1884,FUR-CH-10002317,Global Enterprise Series Seating Low-Back Swivel/Tilt Chairs,Furniture
1885,OFF-LA-10004677,Self-Adhesive Address Labels for Typewriters with Dispenser Box,Office Supplies
1886,FUR-CH-10002780,Office Star - Task Chair with Contemporary Loop Arms,Furniture
1887,OFF-EN-10001535,Grip Seal Envelopes,Office Supplies
1888,TEC-MA-10003493,Penpower WorldCard Pro Card Scanner,Technology
1889,TEC-AC-10002380,Sony 8GB Class 10 Micro SDHC R40 Memory Card,Technology
1890,TEC-PH-10002817,RCA ViSYS 25425RE1 Corded phone,Technology
1891,TEC-MA-10003589,Cisco 8961 IP Phone Charcoal,Technology
1892,OFF-AP-10003099,"Eureka Hand Vacuum, Bagless",Office Supplies
1893,TEC-PH-10002645,LG G2,Technology
1894,OFF-ST-10001627,Eldon Jumbo ProFile Portable File Boxes Graphite/Black,Office Supplies
1895,OFF-AP-10002685,"Breville Mini Smart Oven, Stainless Steel",Office Supplies
1896,OFF-AP-10002685,"Breville Compact Smart Oven, Stainless Black",Office Supplies
